"","getdata.....left.out.","X1.6.Anhydro.beta.D.glucose","X1.Methylnicotinamide","X2.Aminobutyrate","X2.Hydroxyisobutyrate","X2.Oxoglutarate","X3.Aminoisobutyrate","X3.Hydroxybutyrate","X3.Hydroxyisovalerate","X3.Indoxylsulfate","X4.Hydroxyphenylacetate","Acetate","Acetone","Adipate","Alanine","Asparagine","Betaine","Carnitine","Citrate","Creatine","Creatinine","Dimethylamine","Ethanolamine","Formate","Fucose","Fumarate","Glucose","Glutamine","Glycine","Glycolate","Guanidoacetate","Hippurate","Histidine","Hypoxanthine","Isoleucine","Lactate","Leucine","Lysine","Methylamine","Methylguanidine","N.N.Dimethylglycine","O.Acetylcarnitine","Pantothenate","Pyroglutamate","Pyruvate","Quinolinate","Serine","Succinate","Sucrose","Tartrate","Taurine","Threonine","Trigonelline","Trimethylamine.N.oxide","Tryptophan","Tyrosine","Uracil","Valine","Xylose","cis.Aconitate","myo.Inositol","trans.Aconitate","pi.Methylhistidine","tau.Methylhistidine"
"PIF_178","cachexic",2.08995684566185,2.25291157278689,2.73717448966495,1.9023280416142,2.23714280406241,5.59236125687274,3.44062252164792,2.27922677300144,3.21502311302341,2.2269770591014,3.40279699187555,1.68621184179987,3.11720167358728,2.87490745618588,3.39026002434402,3.65801222585718,4.54491106725636,3.8794809771285,3.59911352064842,3.01612512049563,2.92361395209195,3.68143890364816,4.39084712602293,4.22352754443783,2.29780783598309,2.48480752513883,3.50827022998628,3.76530080864589,4.51980243984098,3.2206387599012,3.62229408495382,3.90292961083637,3.16443633911723,1.34159079270108,2.58128686506583,3.07843600872112,2.67102949276627,3.70121616091491,1.7612918209166,3.20528334018836,3.51224178837365,2.17726848080411,3.12431220775104,2.97029614607252,3.77286672309302,3.04993214385914,3.90861449260918,1.80628419331402,3.51493013726826,4.20281947831827,3.11872297109033,4.05987045840084,3.66051158566187,3.6047412422298,4.2181061817189,3.71514340529036,3.26051667682632,2.07901542772562,2.68946753002415,2.32890890316911,2.4677697432487,2.31707700802452,3.04588680993582
"PIF_087","cachexic",2.49641862759834,3.85469444211877,3.00233499419345,2.43420210874386,2.18477033573377,3.3521488026023,3.18574611255726,4.25129972273943,2.75726200139107,3.61763022118778,3.89564014314321,1.9466174595499,5.21049950705822,3.87579324748764,3.37958861125313,4.41387082058756,3.7969936688644,3.55071339315646,3.66654935733746,2.97303776376535,2.8807761277322,3.40209721466283,3.80961967609272,3.67480795044723,3.2068755083983,5.33899140182642,3.14968330157228,3.18821094706461,4.47310557442239,2.86626975111765,2.72136199982544,3.81890096775125,2.99897395987324,1.79148876279007,3.77586590324905,3.744363871019,3.33885772396796,2.86657575847043,1.50275648660853,4.45474878319019,3.46564402691019,4.05297370624039,3.12431220775104,3.49730786736317,2.878623809704,3.39001930306984,4.30836145894976,3.96669664396658,2.50459557545242,3.82566194134166,3.18893000140276,2.70968071580345,2.45375362667578,2.39619443424891,3.66971519015324,2.82227678143355,3.51715925299596,3.11301732742361,3.00373902398552,3.29459291644483,3.96242579425232,2.90738678745106,2.83273109066191
"PIF_090","cachexic",3.91858676740075,2.24321008303271,2.29819768359012,2.94348687889287,1.2759037166941,1.50017736644054,1.17574061525528,3.07988797766428,3.38534483977306,3.19392265609646,4.2653127283313,0.78529615605125,4.32451918208714,3.25759362075753,2.76984634282422,3.71471267590623,2.3107180636281,2.50803957785597,3.70031060211066,3.44700066904361,3.08425691754333,3.2224954994491,3.79927757471867,3.61269240221516,2.21720433285704,3.6209381018046,2.4809368868255,2.63950309781624,3.04426605477323,3.39781371607029,3.56656712791227,2.80121664378392,3.32022103083479,1.9443481661517,4.45986091192673,2.76176715422867,2.25607772938241,2.62679787134565,1.00402033988254,3.25235900610526,1.41144394010259,3.81612770422526,3.6312542736834,3.2806874570809,3.93645171295451,3.09243336054274,3.8390690526374,2.98890011208181,1.85548381080714,4.9212098735516,2.59727340487337,2.63815274944925,3.04707763245067,2.38555215080586,2.65258674226471,2.40706680968046,2.8542118154284,5.66638156016903,2.99449464723984,1.90288820261982,2.59316514294872,2.24656920200888,2.38607041943232
"NETL_005_V1","cachexic",3.37678806623647,2.04889633361308,5.00163743111457,3.09052062529454,4.70171984241192,4.72801066564975,4.54837524790906,3.14647241497163,2.87435728022359,2.85710980781885,2.24650491053425,5.33901827331875,4.41216996606642,3.49310754028834,3.96790995774813,4.53670328433369,4.27984901460696,5.10062635484666,2.89928729732986,3.27465039559575,3.48047293023308,3.92089138348644,4.45312923065785,4.42023206802792,4.85248698958913,3.20527951889051,4.1479332914787,4.62620285729237,2.39993469998625,2.79323775634478,1.95045674454276,4.01496887467558,3.97256423945886,3.59619682954746,3.77586590324905,4.06089950991386,3.35908524478988,3.6281200014158,4.40019849006139,3.71620485000376,4.97774634323919,2.65092023368713,3.39330759271207,4.0148908922034,3.06400568721039,4.62276362282168,3.84780126640393,2.64435963994032,5.50814509150044,3.99627820659184,3.83077903746429,4.10457498118728,3.27837262772367,3.49874638017564,4.32781109939986,2.37595475152198,3.44223431102069,2.65932192888284,4.59356681044129,2.8969590052451,2.86482651499156,2.72238130239053,3.51287337263198
"PIF_115","cachexic",1.49997679836297,2.36935020879706,2.55325750363067,3.22630553950768,1.56433681899475,2.14391821197943,3.73470842938391,4.11795871093925,1.90559227806117,1.99878817386017,4.51174202188099,3.51256420110826,2.21183894818032,4.12111350925327,1.97825923217141,4.85797431376026,3.46559567358452,2.49864990793362,3.07636042106193,2.05742661264226,1.89558489004275,3.11276378030532,2.98966982954929,1.57318896531242,3.24715537818122,5.11730808735228,2.82984400431505,2.21378831979785,1.48489878168466,2.10524492964927,2.34055518177425,2.93192405693755,2.79456443166251,3.66694014939817,5.98199260864784,4.03906727807146,2.48884841410815,3.04400823249613,1.13403126123633,3.84879949911936,3.37222743967879,3.18144109557907,2.23454889312702,2.46141836118669,2.16962365632322,2.70987812373647,3.20473537768977,2.28122478694731,0.669579627853237,2.93665385031893,2.05566811638024,1.92285881784401,1.13637230459976,2.62934223744851,3.51011656638498,2.76013918693833,3.9234607408695,3.08135649334805,1.90376075540208,3.94787775023982,3.13661309173608,1.7707763324496,2.33535680217122
"PIF_110","cachexic",3.68635752324691,1.5539572088316,2.71682151095019,3.18105323556796,1.88753695971988,1.67626843058918,2.8720253203757,3.47015705698766,2.01202800526987,2.33560415987229,2.98573813675562,2.184078335364,2.71808203856223,2.60015574004007,3.37958861125313,3.18560843805384,2.75549288225332,3.27830306837021,3.61599040656608,2.96226549015176,2.89148598615186,3.34223571463026,4.03796792801537,3.18827669481007,1.8731793171297,2.72496889527605,2.47125693335713,2.40299422184695,4.08089506295983,2.19906723698475,3.39009362724448,3.2493820624434,2.73605091419095,1.79148876279007,2.63910692700625,2.66355528750897,2.46861211434311,3.33615399786443,3.22534204440245,3.24305134806233,2.23332240200233,2.48051639131784,3.11396288099206,3.38436968379516,3.34754917922142,3.37938002576085,2.57904386641538,3.67800963483652,2.21721882514414,4.26567680194893,2.55716957364374,3.9793947975158,2.77555810125338,3.51995292948209,3.40045323347695,2.34493167247575,2.35164592272313,2.30057694667392,2.86509318235447,2.28153577176552,3.35616676435568,3.13644802986202,2.18310540835259
"NETL_019_V1","cachexic",3.35743033821451,1.68982554710906,1.95144193367138,2.45678186257694,3.2334662358949,2.70825431831865,1.88187626180604,3.17496268820279,2.22495812887255,1.45570061144959,2.54977359942086,0.415244854180345,1.6465353923334,2.94359178361426,2.53450545875841,3.95086558658341,3.85380502107547,3.9358410679737,4.16404947193037,2.24054983534819,2.23825711290469,2.59394348949892,2.43968308528226,2.35997661602586,1.80280010198411,2.01372881818213,3.08183851305593,4.25724540366175,3.716664544652,2.78281426018589,3.00928754274771,2.93192405693755,1.86957467131526,0.188466362865526,2.77393540941426,3.00190943148742,2.52933490940352,2.91880065622852,2.81714703526176,3.76369757100938,1.925621688026,2.05427992165011,2.22420357845587,2.74418523837081,2.38790379507427,3.01805844329329,2.18803494895333,1.28480616713775,4.06190939139053,2.76603010077805,2.80785692415597,2.6202760265724,2.41352501964237,2.5975375552044,3.1311800203863,2.27210554873075,2.41564128907869,2.33229781134757,2.12560383525143,0.965660363304337,1.69420274265791,2.66069709373097,1.02596818295839
"NETCR_014_V1","cachexic",1.83849155862156,0.058677224424741,1.20722724436246,1.11052703156993,1.31957480458871,1.05883997989992,0.0171501488275642,2.14648475688347,1.4797456816489,0.84706888128284,0.720020280697908,0.238479086007002,0.801322220871439,1.39323630752305,0.77993288733036,1.79643000291415,1.42971966439676,2.42350640805381,0.630696251334002,0.850977045458873,0.621227733973974,1.23706499492256,2.12828656641796,1.20022706339152,0.864639154826297,1.01614609733357,1.08529729483544,1.55155881477891,2.39065697644283,1.8759925381746,0.938077912792698,2.07296658468498,1.65552489559796,0.232582416530081,1.08818375913803,1.65883905890701,1.85142505007755,0.906358323565546,0.926280913486191,2.21157590612337,0.627807756473048,0.319793610954469,0.382788248119107,0.927152209162756,1.0896637286716,1.16883332418153,0.979629177689642,1.1452236292503,0.0959879956404955,1.27536639895829,0.862164955156296,0.509848497337903,1.23696361074239,1.04989657831393,2.11403818383005,0.342111469036266,0.95022451312464,1.14012167767832,0.840924785754018,0.07534160756886,0.544571469865623,1.39202535370321,0.782335821837879
"NETCR_014_V2","cachexic",2.31259245988711,1.50547686951154,1.8089897605988,2.23037517316883,2.34203294987573,1.70264288205654,1.63717997807724,1.20206308377258,2.82113689849653,2.4333801937844,0.994913972634068,1.57902742942437,1.62783403941169,1.77585868902953,1.70029692253081,2.46755277056884,1.14675362492543,3.12800584613411,2.14873276931672,2.03588292536836,1.76705258924806,2.42432319293427,2.44995544679703,2.63957777860983,1.52014625183986,1.74584660795553,1.77340888444976,1.92997776171667,1.69032801657407,2.16785763968222,1.27244399920244,2.39039402789145,2.97949048148325,1.62585192931264,1.62760935504717,2.06307575339975,1.82093985655,2.18810339279301,2.06013378650833,2.55153993675088,0.627807756473048,1.37178021620851,1.42754031591359,1.99073536269313,2.16962365632322,1.15824575440708,2.06621088843382,2.99823644547177,1.27137503589753,2.36192995228367,1.99551431756944,1.6366622498234,1.99116885034505,0.636257945468338,2.55290997702712,2.14743221329133,1.6994610714955,1.25618425617029,1.68198378299021,1.53367201430299,1.79887892931561,2.37876855338418,2.57891911037355
"PIF_154","cachexic",3.11557624812028,2.03932071501403,2.77774858462829,3.05657201907301,2.26338391204712,2.73466258047019,2.70516095184822,3.27013176495381,1.53303205842073,1.28177749871523,3.18475277648829,1.63904348086397,2.18291122467619,3.97392290685376,3.74330708369494,3.95086558658341,5.12242630974689,4.09552973579826,3.22810942362457,2.3267240384002,2.29178567873689,3.292344320552,4.05873511746336,2.39110198175512,2.75216397585525,3.31612740169756,3.66333754875074,4.21940359749469,4.37972441231447,3.42910648145235,1.78327257052125,3.65084223913714,2.3856853297969,2.46351916725087,3.16892799598377,2.42316017677121,3.26802337876682,2.37617894958958,3.23539017014191,3.55526335333859,4.5297102503051,1.93118167049109,3.03118624414363,2.96088995195421,3.67470500592695,4.01700893216935,3.70004442013704,3.17516519696513,1.36390337231122,3.43054898663853,4.01131248814387,3.4518509788124,2.01128185862979,2.38555215080586,3.47023796974425,2.09580626345009,2.38356091449576,2.37441305486404,2.43066652743588,1.62836585552604,3.32481846882483,1.80602311011672,2.35562327516027
"NETL_022_V1","cachexic",1.43229364353399,3.4372569970155,2.52280478078472,2.01550356001303,3.64423353437092,3.1580736804849,1.99969668485963,1.45981733199065,2.73597338280499,1.46648376470755,1.97162959267347,1.23553580602418,2.41618235209499,2.23707868592369,1.67887916293893,4.3099287647697,4.41236640076011,3.83251341594037,5.28551360553341,2.29440922676716,2.32393872000975,2.43429971289436,2.66794658210577,3.3021221419467,2.65097349821081,1.70893675867975,1.9769739326558,2.42192078015106,2.98824209916752,3.09553806795359,3.13003086330298,2.67050596599531,2.31735441317016,1.87376431643939,2.11880406209737,2.2598196783193,2.45846760652575,3.58634286434771,3.71322180247799,3.69734029787773,3.25086029899492,3.68353534931138,2.1000779000038,3.16777488120523,2.20234151029439,2.44416125339451,3.27421705751802,1.23816214404593,2.99580221341387,2.26316947693923,2.49691602170992,1.84231773852393,2.43364784222053,2.4915420827895,1.92472028257827,3.05079389932388,2.19122968689017,1.86808151262887,2.67098919194801,2.45198406682786,1.68360351482201,2.25542770385474,1.81757253623325
"NETL_022_V2","cachexic",3.19296504107625,3.22364716606995,2.33923662323127,1.27996146648215,2.1934202388029,3.26395218416386,2.78374655449781,3.87033753241343,2.77852953463235,2.54202945540099,2.06645908999992,1.47171520304799,4.98656775530285,3.33609571462866,2.42763519454662,3.86583975199624,2.65137433325845,2.49864990793362,5.49631442693219,2.07897070977567,2.02406158891303,2.38440995448713,3.37372254991919,2.90867884571273,2.70151616549577,2.65107525310039,2.85892581279666,2.62058250627985,3.10030107384071,3.2206387599012,4.95976191122714,3.32406404676579,2.13233283118182,2.27424907434297,3.14965234984318,2.42316017677121,2.88349264575421,3.60722296748585,2.44893750345231,3.47029108669454,1.64545978509991,2.79299638733203,3.08291966085352,3.82670455260994,3.95827300214374,3.08182124713565,2.37038745346414,5.37280671484856,1.65188580656092,3.07134447444273,3.03854005130685,2.78122847309199,1.67940847591863,2.38555215080586,3.06140429821498,3.69437003422764,2.73640910687733,1.88909778797565,2.80964197665008,1.21174334368652,1.68360351482201,4.00870095773458,2.51801557187935
"NETL_008_V1","cachexic",2.45768908083804,2.01020448736588,1.70661071764138,2.54727935627179,2.6216863591692,0.996680359372816,2.26433173975871,2.76558814862856,2.78917420119043,2.62894422651018,2.61614949318492,1.65069068629273,1.90969255798937,2.51183278983804,1.67887916293893,4.05485650843199,1.81836728327455,3.18436794099675,3.21966663481406,2.96226549015176,2.9985820166277,3.0828287945133,2.04517690780676,3.73695208699746,2.05560906839135,2.5402227462038,2.24833605364911,2.97062598502129,3.49255548221752,2.58479329754668,3.55727727387845,2.23169384700761,3.66101884561845,1.55566641911494,2.90878474372177,2.72904959348989,1.46680969496156,3.04400823249613,2.28968091045858,3.36604369967389,1.91592910995084,3.37089371961422,2.82427280249333,3.6854549043272,3.84919432033751,2.77361439293466,2.74417245453399,1.96464969952899,1.56805638919546,1.05090570196517,2.14601685235785,3.50550114702407,2.36325239668104,2.55512898601822,3.2608354564522,2.95736301952877,2.68302322696734,2.69094883325563,3.28103481628225,1.88387046186033,2.7917156781631,2.69594238698988,2.06130537105871
"PIF_146","cachexic",2.84466145543962,1.58310931909206,2.13507054585234,2.14006666238202,1.54674516528234,2.47895105358359,1.52819913588624,2.95584508088298,2.59757094245717,1.8684956864525,3.13736606084606,1.57902742942437,1.71578908826592,2.25674246172317,2.1065970899027,3.03443919078795,1.94167796551023,1.58748896261124,3.05099972803846,2.69296856340687,2.52739401734254,2.1849193714587,2.76142335235429,2.98113493367602,1.50009401878685,1.77355126642315,1.59898213902696,2.04350249316676,3.57661849049419,2.76196363441737,3.1114548247183,2.42777907091637,2.2103957098212,2.16895928210555,2.59089961816859,2.46715969282049,1.537619577845,2.79371675186663,1.5421060986996,2.09717436987382,1.66478525559301,1.94065975602175,2.50357706147753,1.53970931736027,2.59499544948902,2.38041580086162,2.83099449934891,2.02053032447973,3.76527417274557,3.07134447444273,1.96548469084096,2.29837502703452,2.79567226142436,2.23709572134734,2.69243281803266,1.87784516771007,2.27677227761263,2.88090213161768,1.67267535999261,2.19636391700029,2.68716190407214,3.62984202605159,3.03573366986423
"PIF_119","cachexic",1.55791152419566,0.0685907865233749,0.514692771992488,0.544923210975209,0.358038415887756,0.113962874580864,0,1.71691003814244,1.16040220100573,0.141209313197855,2.83412525695986,1.18704214952194,0.693518515396882,0.706411189336573,0.73745396402359,2.74149108888476,2.2916148224654,1.39961248340402,1.22094304075263,0.420100660484841,0.139258699520215,0.838070629302537,2.61609550182003,1.49048647898433,0.633878834342445,0.45278712411317,0.436014841679807,0.95550522749214,0.746900881443826,0.989791495681263,0.185781382149018,0.495227867623876,0.107204574770409,0.306026286357414,0.8374670965528,0.350431457929513,2.12461163965212,1.74974259694753,0.407606176845595,1.66160909942494,1.26309039488925,0.09394047181305,0.724124772465638,1.40642032046197,1.23182015841527,0.765238734951658,1.93599113392925,0.447127295574549,0.640476829102314,1.62555448196713,0.922570662427363,1.243332374827,0.492758174576007,0.276176319039519,1.19652006454982,0.32020337321524,0.0632940816247787,1.47751325588925,0.471022016308693,0.652973748426961,2.34218446883237,0.537555427264886,0
"PIF_099","cachexic",2.09961871064572,0.291681280481029,0.707072824737887,0.544923210975209,0.192168266009275,0.785565225568053,0.685305955398641,1.821861347235,1.25624052286547,0.521361059656368,2.96681505179377,0.381936649720872,1.10255615725756,0.46090363282007,0.812592190939704,0.541057959872689,2.01732745617772,0.281796076395908,1.60910305622969,0.527816555461139,0.33206965369368,0.618375576186004,2.27361441695222,1.75962521160633,1.04783132943642,0.71126650188485,0.135418531271738,0.633889062274123,1.77414224667606,1.33401592256131,0,0.448256796377196,0.282018123527038,0.739538087524341,3.1593136060352,0.710080061956527,0.373956353896192,0.538406137595986,1.37294281582198,1.38719861220758,1.00238253699756,0.0072871647512189,0.589514306144385,1.58544063235381,1.68969652079671,0.74384752089681,1.18039423217997,1.22900642908431,0.474406295413123,1.76028409782049,1.18307860542839,1.627790707632,0.181088552811519,0.137432325206863,1.31641633007804,0.632307039518034,0.768263540667308,0.52802157737925,0.138393522321744,0.605919882568352,0.501900774054513,2.41397137967025,1.54359093233237
"PIF_162","cachexic",4.67320783203505,1.19479338887902,2.52280478078472,2.54727935627179,1.55558525367962,2.20562067326482,2.63671175171488,2.02240046840036,1.46914806045877,2.45511858078986,3.09953291928901,2.42148915408158,2.62053850203869,3.20853500213906,2.64145067085087,3.99813549090378,3.18159097538838,2.54561849036229,4.23993869048699,2.44521495320621,2.42030299612363,2.51415400446823,2.20097411679359,2.50491430877688,2.61133375469437,1.26557982143429,2.99460914064075,1.36232549439782,3.27775270752371,2.88710600105646,2.14550764750527,2.26901645070724,1.99613040206037,2.49893693362159,0.875866721189809,1.87722582143824,2.49902088455763,2.42866075094588,0.657400036900011,2.76955297728682,3.08301197963853,0.964613355394687,2.55527576481846,1.72748535074877,2.71493092602677,2.76299247888378,1.80583278758619,3.07270644747063,0.827277367333998,1.47296513964381,0,0.0184550271501185,3.28842707291379,3.14889327659287,3.52013619141022,2.19943369761655,1.38916126628654,1.40370328916363,2.32896071095934,2.48983084125407,1.92424096185155,3.81486594982389,2.28451874081626
"PIF_160","cachexic",3.06721137168388,1.33059124888985,2.54342680957943,2.59255092164676,1.44188754460533,1.6058402884717,2.82306661080145,2.99411336388684,2.69336324522292,1.69463712367571,2.85305268417067,0.725021263764791,2.26048215683747,2.374466054682,2.23491744687355,3.33676912373034,2.27290578361813,3.50374643233368,3.48108592320282,2.49907453370406,3.7910336531653,2.71366981993822,2.73022026537597,1.60411906088012,1.47073904506359,2.46633440992641,2.1514057898621,3.21659810643271,3.32447561630554,2.07409219234021,3.50154993419407,2.42777907091637,3.11581513863833,1.57837558911272,2.79318386020696,2.35791897397057,2.06385589736947,2.73112547182807,0.914662701568614,3.33755493755218,2.29892065396016,1.38118940797156,2.74151238390373,2.82868139101986,2.97675255267894,2.80551649077884,3.67398209633132,2.50466309818528,1.76273082195201,2.25416115359531,2.12593400312665,3.09418671682921,3.54988970638712,1.79177504563638,3.01159530850102,2.31367435497906,2.74725339164179,2.18455841994335,2.67098919194801,1.74195684648132,3.18888056313594,2.51091188070613,1.72635439352102
"PIF_113","cachexic",3.45421289611918,1.09779382302477,2.4001323259455,2.10611318216717,1.88753695971988,3.00810315217657,1.89113722396747,2.48892446160088,2.02267321971256,1.70549134117276,2.36963656436765,1.67364748467059,2.02691618460401,2.60015574004007,1.79633203737516,3.09106565700425,1.61943789565745,4.04856386245042,3.00883517281416,2.08974316719502,2.03478940353367,2.88327074389524,3.34256208944961,2.46353972910568,1.90467473529623,1.94908664223061,2.19988154792231,3.87882612809244,3.04426605477323,1.01080371056515,3.16718337903498,2.97861706609521,2.35636449908003,2.13274806715123,2.41752283244549,1.89959348039307,1.88177002410031,2.64775081694178,1.60246818340071,3.82042681758244,1.61771375841539,1.64667021178422,2.87601330859706,1.10783803283534,3.10763332696713,2.31663355002953,3.35242618644708,2.24395392644029,0.882565373034404,2.54152924335705,2.56718240723654,3.12100633124268,1.83026709456362,2.7459673082465,3.02157552579996,1.04715647986897,1.90247069934064,1.06610694947813,2.31971571454684,1.86503269049915,2.8858119912366,2.81047095064412,1.66524768153841
"PIF_143","cachexic",3.54123739192882,2.57319870704232,1.98272484208323,2.92075543354604,1.14466290688652,1.73819613107354,2.67587121237168,3.8322115080683,2.12913412807132,2.18349156766721,2.99523269642142,0.606907407645947,2.51354951041271,2.93378772891499,2.37408824175518,3.21394040006599,1.83726460749127,3.56010432248393,2.53666457766077,2.59602149254587,2.37745487828272,3.2224954994491,4.03796792801537,3.13647744358525,1.3804402100629,2.65107525310039,2.75229985285318,3.17875162731346,4.38906475865146,3.06425970132311,3.54799017628881,3.16533886161303,1.79180209168651,2.08642565768027,2.42710664837254,2.07419264746648,2.4483920082029,3.51348102965208,1.87087876791452,3.40394865331692,2.17760258853491,3.75929856365417,2.65874185738301,3.45964631190095,2.90037601051029,3.43250763336198,2.95270534949738,4.05049132598267,3.39448773414837,3.97832110052199,2.84793256547452,1.86023734154773,2.48391903026992,1.9933466793137,2.46315335989966,2.6145861859233,2.43695092767675,2.54328482612062,2.744913058578,2.59400641946662,2.65586305527244,1.717986277626,2.31506666463849
"NETCR_007_V1","cachexic",3.66701795326211,2.05874127752224,1.44166420917063,2.59255092164676,3.18975432678274,2.61124241449052,2.82306661080145,1.90804461696583,2.10787989111436,1.19497760285922,1.86738355044674,0.937982789609719,2.41618235209499,2.6688524899791,2.8553940789849,3.82805849124289,2.46209802497067,3.62585754591439,2.34281395976003,2.45598703991186,2.32393872000975,3.32227626571826,3.12462546985233,2.76377020278447,1.83237619068777,2.12458675440472,2.9461550047,3.08414542950442,4.0995640653521,2.18876752017511,3.64086950141645,2.98794001376008,2.42445167424073,2.15630535934029,2.31151548800432,2.33612915658646,2.47873921162706,2.15711494412629,1.30424872045791,3.97196555960659,2.44851055616687,2.23428917977139,2.01727800806188,3.16777488120523,2.54054318305487,2.08282474406978,2.43129067627961,2.14159248581376,2.32825014550551,3.77178240226457,2.416777129579,2.65604341004747,2.50404211321238,2.38555215080586,2.67254682973706,3.12336473467718,2.5119746053593,1.53040552539361,2.78188570150359,2.72655506149234,1.11952769629527,4.81926664342873,2.98499676755634
"NETCR_007_V2","cachexic",1.93515886529151,2.62172340695168,2.97164044572863,2.98862266139618,3.45196553037459,3.25505757316992,3.49937826585165,3.66077432568102,2.65079664804542,2.20526761438992,2.99523269642142,0.986306347358887,2.84466539301855,3.43422280304068,2.83401841294106,4.07375104297345,2.06459808380404,4.22703755130517,2.42705006867733,2.8653191091485,2.97715922908685,3.78121467395817,3.56052584938692,3.426337919017,2.31860115722071,2.75268131505538,3.52765207627391,3.31120175743376,4.18361748075714,2.75153855867522,3.93808474672833,3.20269339709961,3.68048800387338,2.74691449609092,3.0725742904925,3.02366499100819,2.45846760652575,2.9919521859156,2.99642854930502,4.71027637839632,2.2799845588591,2.08270803676682,2.70011670760701,3.75127195792035,3.05310712653172,3.43250763336198,3.36113142049957,1.74115335059292,2.31897091738902,3.75382517304008,2.48688560974694,3.26407017554795,3.35882379645536,2.57633004098927,2.98163516506507,3.2687477032449,2.60810790947203,1.77294574239045,3.27179361613773,2.97271994638819,2.16450717723398,3.59460990556411,3.11696170757897
"PIF_137","cachexic",4.12174610811384,1.67026663655068,1.85914661260295,2.73975855511817,1.14466290688652,2.81405124285238,2.81297449211153,3.75608057533164,2.33141787496212,2.96576737266829,2.53078291191433,0.761007302715734,2.63028102961839,3.11040074865586,2.9195791461816,3.17606788269194,2.14045194025964,3.27830306837021,2.74746196857172,2.78991588324874,2.75227033886872,3.07283715506114,3.30107283852637,2.8983433704497,3.21696502680477,3.18680738711975,2.85892581279666,3.72746052612733,1.38212415927949,2.03231852667618,3.95666073570563,3.66951838187748,2.39541260321648,2.53409247302375,2.90878474372177,3.50419699095471,3.15671900764278,3.12756631048945,2.91678061014198,3.91507084719849,3.31634457016655,2.12050269467779,2.97945580804415,3.07360601278611,3.48930781809719,2.09345155584838,3.05690067066139,4.09706218366485,2.06870629484788,1.34722535419897,3.13880273403979,4.19399248166339,3.00684727657203,3.10646887981102,3.18104307502261,1.48345137050543,3.12140900414419,1.96303436549769,2.86509318235447,2.56557163918133,2.84397291287841,1.7707763324496,1.95979678719136
"PIF_100","cachexic",1.86753612815566,0.398658133749655,1.13649958522977,0.928772937294401,2.99752602884341,0.113962874580864,1.29352911827759,0.936803795730742,0.244763238957421,1.64038320293065,2.93837569786426,0,0.820439987325466,1.51099314664723,0.97277467797473,2.93049955455428,0.673433071818655,1.23992333112225,1.05237792763326,0.24775180014678,0.974572849382372,0,2.29437993666934,0.900299023644477,3.12578630646592,4.98799155482313,0.474688600587412,0.30282800703187,0.653314523218128,1.07353213429976,0.789453350011591,0,0.526270218060434,0.577438081517564,1.94549131986989,1.36457388161271,0.890063717198511,0.165733244164003,0.395869269261869,1.82309262210928,0.21583709320154,0,0.765442604935522,2.18909619966981,1.34055301413313,0.935091033140708,2.90921446478312,2.21608438354776,1.23428785505443,2.22721438586614,0.0805537864248635,1.8871067057709,1.01568567794622,0.615250166009594,1.62543578463783,1.10995094574173,1.0147384157422,1.37221364970492,0.230785376874757,2.16792014245862,1.46442800435347,1.29501596554714,0.863543225499894
"NETL_004_V1","cachexic",0,0.534166345719563,3.59391989135617,2.0948094682023,2.56922434475845,2.67290940267246,1.46944552674307,2.05047042023246,2.16110006497785,0.760402105182049,1.2515276583922,1.42435799054166,1.33547239579226,2.27636484542349,1.51830233382092,3.51623443896045,2.44321499816487,2.97771535548747,2.23310027506409,1.70195596508103,1.76705258924806,1.67610061355957,1.79602534319379,1.50076672720435,2.35894569888067,1.30251667695582,1.56025204424715,2.46921599373312,2.79215566741928,2.85578908674312,1.80184651461898,2.18503407948751,1.29541410084967,1.79148876279007,1.66595428633985,2.31441780269788,0.535640064415287,2.44933207795546,1.4725226156356,3.44165885618988,2.35474611208579,1.47587954488286,1.69661778974635,2.98883115887426,3.03123764514009,2.24224297519431,1.98829130024038,1.13594944206084,1.9948038113973,3.02644313408105,2.29637266000131,0.679874099067806,1.15646592667834,2.34308930540987,2.53298838794741,1.47296887111811,2.23404924001428,0.929024883157085,0.776002310097189,3.67331569564563,0.90976924855405,0.334717367902881,2.12222894641618
"PIF_094","cachexic",2.59317273323541,0.747826719352678,2.29819768359012,1.85712739810863,1.42441091154823,2.93762752190511,1.87167261195037,3.14647241497163,1.55424743516301,2.34649954291402,3.21318693186095,1.97045874915267,2.95183373310877,3.23796583123426,2.87678548055431,3.45006804038228,2.81238685877988,3.87008752768858,2.33438955081116,2.28363701948937,2.29178567873689,2.74359316010962,3.58130026919897,2.81555817622542,2.22711076110652,2.50328482658671,2.791089873193,3.42472816458167,3.3898098950566,2.72027726674356,2.81424283715091,3.08130883557177,1.80156668877946,1.9443481661517,2.8317482942334,2.00849448211447,1.91210654578002,2.79371675186663,1.84091107736869,3.58369699749462,2.59780509619466,1.79847180985232,2.1000779000038,1.52946674132379,2.69318120034629,2.30599728766734,3.16130401042915,2.29046728663739,1.63325809099028,2.50559870717246,2.11581343762454,2.41459186029434,1.91071087635713,2.6717932590688,3.63977385385452,1.39995286770791,2.39417636128554,1.78362799046463,2.70796530920249,1.70410241168206,1.77767562841472,2.81047095064412,3.1068444916969
"PIF_132","cachexic",3.69604185295772,2.90329142440216,3.26747976511136,2.19638552494339,2.42064723203927,2.82290575996363,3.39145115395815,4.93704990574748,3.42793553276033,3.13959031253424,4.52123124912862,2.20766215140431,3.69171729371676,4.27811354840535,3.19771453341295,3.98867503227788,2.5945402075782,4.71549562889716,3.07636042106193,3.79170105955037,3.88741268109971,4.47960267192942,5.6466893332166,3.58163619201741,2.27791737049648,3.37154478972075,3.04305939985472,4.04911471736822,4.08089506295983,3.78349664881761,4.14242081362653,4.5564888544455,4.13807785550738,2.2152384289323,3.91072196920095,3.43871305241768,3.16685278226341,2.65807155730576,1.32303549410924,4.75763330537721,3.38159600982789,2.51841974423871,3.73471772134689,3.93024657474799,2.55129016783484,3.39001930306984,5.07311799181916,2.23462625238033,4.16391162055578,2.6043940975916,3.5900873939247,4.83778917365475,3.18786219725537,2.39619443424891,4.83635050040795,4.213489628139,3.61336178871827,2.04743772455245,4.21459363295823,2.83068085952355,3.08438683712066,4.14085954999917,2.83273109066191
"PIF_163","cachexic",4.03465524125188,1.34998153101073,3.11437960879616,2.40030416452197,2.22842343655521,3.42268138592439,2.25454788322177,3.8322115080683,1.75657770514502,1.90103995435007,3.26059039241898,1.57902742942437,2.15309761682527,3.00247548228508,1.83929526307975,3.63909003167565,3.77807603553521,3.40041610708349,2.62946145552296,2.60679341593878,2.24895658516544,3.36218689777074,4.20404226540146,3.06402654194843,1.99543654534117,2.91893649669251,3.39196517374783,4.25724540366175,2.62409099308854,3.15806700998615,2.47987319699109,4.11767419138423,1.80156668877946,2.78236681483453,2.38862691400248,2.60913216739859,2.86325102815923,2.05243183113377,0.347487145841245,3.72584911510062,3.09217515514195,2.23428917977139,2.87601330859706,3.23370386656209,3.24933429065882,3.51753037744315,3.50882167159531,1.36865570866542,2.18943832579923,4.1130191970154,3.48982798699561,3.99728153513202,1.76992992663065,2.55512898601822,3.61980283679162,1.59731575615616,3.31393238101785,2.04743772455245,2.75417784244483,1.8271431219444,2.30051561230372,4.81045559100724,3.55346385615972
"NETCR_003_V1","cachexic",2.01257676931952,0.504946799703547,1.38995264698137,0.601165255085198,0.654943398362818,1.03198588772947,1.35187628330973,1.66065878492189,0.500448179757946,0.695081252029584,1.7536605951526,0.90221934986583,1.2864548674303,0.539558876853507,0.908407479609665,0.644557269647208,0,1.82233339496005,0.369041751780185,0.592451995668647,0.58907383096061,0.708428220110342,1.27733841670663,0.817113720309158,0.131631539390487,0.877626890652923,0.310072774855002,0.558249839279574,1.93303797478977,0.802385777811825,1.6253827620664,1.24207490455773,1.99613040206037,0.894456044179554,0.702657898878785,0.763237902541173,0.920425151505753,1.5211466345887,0.318138973803762,0,0.227803755587794,2.39517422943278,0.796450380626213,0.927152209162756,1.47192984644831,0.478173210622935,1.97068222584081,0.893961745543213,1.72548949788472,0.278651048905026,0.210817401648665,0.805168208673999,0.98551520562314,0,1.00743122645742,0.746050332025174,0.298467218522718,0.686393134207191,0.138393522321744,0.170025191219106,0.325480041436483,0.422971866333782,0.650219061457984
"NETL_028_V1","cachexic",2.19637991351348,4.17506275968642,2.59416886946356,2.90939457802791,3.22474702844032,1.57067898132876,3.13665893552818,3.85128372652914,3.86440442354054,2.46597177553678,2.09488091319449,2.148222696983,2.55266676449831,3.27723037472642,3.13355314352693,3.69574775140605,3.54143420107565,3.8794809771285,4.24837075811704,3.30696605019786,2.97715922908685,2.57397679257827,3.0000482981715,3.49885379106617,2.57007404671424,2.32778453344699,2.57786097169887,2.78141664092562,3.09097208620011,2.28248519591145,4.25387559843215,3.27738760711897,3.16443633911723,2.07398698295045,2.73539965494381,3.18766357282443,2.6001521289184,3.01254874109395,2.98626708737004,4.29378393270527,2.81235154964866,2.62242365441266,2.86566954885027,3.89253116679657,3.30390716144038,3.02867517686085,2.60514743305392,2.00182780906725,2.24493953861418,2.85583914108839,2.81786227394282,4.3817667938709,2.2123978082839,2.31136661040724,3.14115163390617,1.92975069226929,2.80064470225881,3.12359847157165,3.29952627513045,2.35730605064293,2.74985042316404,3.06598323047433,2.74134079142708
"NETL_028_V2","cachexic",1.91578907722122,2.59264943465882,1.9007887396813,1.39307631032786,2.00998386726238,0.230621305989814,1.63717997807724,2.75588926923928,2.45916309103345,0.738588144801504,1.03311167991629,1.15226904661465,1.70603666029674,2.4921950478667,1.7858432394299,3.0249144505154,3.04912415469757,2.56440761797626,3.86894810271859,1.54037686548059,1.3279773653533,2.55403306569831,2.87549962397505,1.96653394832948,0.842687421150101,0.785188409813466,1.54079901407518,2.26110272546007,3.23106311257111,2.28248519591145,3.1857585308125,2.194327997151,1.21748423724442,1.23545484267227,1.52164250485914,1.58297309790514,0.485558537153493,2.16754704169288,2.37895534909377,3.14845003977,1.88824187585142,1.56125553182791,1.32417590512515,2.85725370567655,2.61687357865586,2.28478402966095,1.26687475060314,2.01114326374802,1.01142509778663,1.74235521866346,1.78489593922825,3.41608483914857,1.15646592667834,1.35727354933569,1.26659683276207,0.932332679872988,1.35738867694885,1.58311188980841,1.76518436147926,1.41056931652027,0.544571469865623,2.77522156604257,2.39617953374819
"NETCR_013_V1","cachexic",3.02849666675177,0.922841589629249,3.10416916493705,2.15127803049742,2.12350926855237,2.14391821197943,3.19554120788317,2.97517140028808,2.99146529123453,2.55292218144428,2.85305268417067,0.997527473832251,1.65689916052224,2.92397385823683,2.04245799346863,3.15727696466605,3.29524067081639,3.70100605010445,2.27521083127848,2.64988155481035,2.49525797795705,3.03293494707458,3.55016559931647,3.44703208938356,1.23719756965164,2.12458675440472,2.95584096669689,2.71519770624144,3.64198550599056,2.73069425217807,1.65323599221993,2.98794001376008,2.60958144232706,1.79148876279007,2.22481912245733,3.18766357282443,1.80079935051626,2.88760698358717,1.93076713785107,3.23365126658293,1.85139287160737,2.35736544184871,2.6277260914807,2.97960927384671,2.92213376145351,3.07117537919343,3.29155431051967,2.69097049778002,1.93875450740274,1.37414884691148,2.29637266000131,1.49368664948441,2.69511147258718,1.6964667641831,2.69243281803266,1.77405785675708,2.31934545541206,1.6359807629502,3.16086990168236,1.80821918513793,2.13310662028578,2.7840518371368,3.63468401829842
"NETL_020_V1","cachexic",1.00649206179804,2.01020448736588,0.841292611789805,2.41143968574542,1.87004437024627,1.89680085180299,1.74405086448391,1.41401625966779,1.34132425862745,1.71638269212457,2.01893980143607,1.56665099481186,1.93927724219012,1.70717362125942,1.1547368595185,3.79971448480571,3.16271067144082,3.38162825399148,0.891928497017101,1.82044592782319,1.84201837099434,2.12504024314618,3.12462546985233,2.45322976101514,1.08778229780596,1.4318134109915,1.85096939308346,2.06241635242843,2.67073053978358,1.0319517693191,2.74922378739414,1.9048885784891,2.11312209321504,0.91891219401047,1.68537044172974,1.87722582143824,2.42810986916623,2.01105299349362,0.844464952059415,3.14845003977,2.9615988423115,1.28637767081026,1.59308839523718,1.82113577534005,2.14793513784682,1.47718888492953,2.40534755932706,1.18223002229092,0.919237885076695,3.08930262479392,1.35377064359642,1.4310648002641,2.04144011977847,1.52685017329234,1.8350846007832,1.53509628990602,1.54941987515134,1.37221364970492,1.08117370848795,3.78691821939571,1.21315634067102,3.01309981234454,1.77696251405834
"NETL_020_V2","cachexic",1.7224640836636,2.45671557569311,2.56364019334273,2.93217823165163,2.42064723203927,1.32318872123732,2.39144360346326,1.66065878492189,1.60750667082998,2.68326991345006,2.36963656436765,2.99048571690844,1.90969255798937,2.11930926272817,2.45970984450291,4.26268792931936,4.01474292478388,3.4285963501043,2.1402970863337,2.28363701948937,2.21682679214991,2.52411397089009,3.21801464329072,2.39110198175512,1.67255160109399,1.62576771649246,2.1514057898621,2.28000554022759,3.60462464202622,2.07409219234021,3.4086707029136,1.37274589185882,2.29785521108181,2.42784785290625,2.05142014870027,2.18308541350138,2.82281587242103,1.89644016727515,0.626667058053864,3.48910954643758,3.25086029899492,2.11109598026927,1.96555420070173,2.54624970774818,2.92213376145351,2.21035537617398,2.77020403072526,1.71308597553156,1.85548381080714,2.6403060541753,1.72468600091324,1.8871067057709,1.99116885034505,1.72831955470307,2.77219879020065,2.34493167247575,2.24465134205647,2.01566147055115,1.90376075540208,4.07095227561077,1.8509866077677,2.33467870644657,1.2085022812254
"PIF_192","cachexic",3.28968143137896,2.29163276747634,3.53262093782026,1.09910068457357,1.35448292770018,1.87044712866618,3.2247827493295,2.96555725745383,1.59691129216689,1.41222974020478,1.83893891810157,2.46893805013618,3.15628153850524,1.61893269649176,2.09605809844782,2.17438870633039,1.5434632291244,3.46616911919041,1.94643081588319,1.7342699480661,1.63858218990039,2.04521244894228,3.04159029706835,2.08044032251695,1.2990748710575,1.21008445667235,1.77340888444976,2.34622563398379,2.34395417191536,1.0423670427567,1.37459766436404,1.83952314296137,1.98646924402278,0.847188029086649,0.962999695021109,1.62598791792768,2.00308966687724,1.08196590295677,0.200866001839126,2.82630091441728,2.2799845588591,2.94454518361966,2.5242462704333,1.3898438313165,2.60598937392957,2.60357989221713,2.8396993789334,3.67800963483652,2.28197536897764,1.01499720033751,1.71461990733319,2.96899143996015,0.89503432227922,1.0921936628073,1.2764991290566,1.39995286770791,0.918658479384688,0.749522081202337,1.28458647563249,1.56202131878966,2.44683281578697,2.18492590741854,1.54359093233237
"NETCR_012_V1","cachexic",1.05462800992858,1.91301210123769,3.18593690316654,1.83429292253485,2.1410068800255,1.42085158139121,1.90114130914621,2.98468946871038,0.606799340317521,0.347573580617561,0.9570928387068,1.53157853336977,1.3942158475289,1.63850518063138,1.36870243941881,2.81705072254662,1.05159365056757,3.19376067654616,1.20420222851884,1.57269344110186,1.3279773653533,1.84564096909022,2.35663377238575,1.20022706339152,0.942952804840487,1.00693680913225,1.77340888444976,1.82589627404977,1.26083596284462,1.32365665492892,1.43962273768427,2.11032325127934,2.08387896724342,1.35421088080234,0.953263598721516,1.63769564361355,0.758595570676316,1.5211466345887,1.30424872045791,3.05386381925779,0.627807756473048,0.870218759035535,0.900026719632639,2.87615961136629,2.37683154406763,2.08282474406978,1.09300840946058,0.754344808685078,1.63325809099028,1.15868804663243,1.76480658530962,2.19111174810789,1.37771647989406,1.45246311953603,2.06432283917457,1.94013759024076,1.6459820378936,0.749522081202337,1.92224503829226,0.198931135158651,0.366837444738879,2.34351220130304,2.08158691410094
"NETCR_012_V2","cachexic",3.82181881868464,2.81595513678153,3.51219070194738,2.87553072697089,3.01496112380528,2.66421820435221,3.21505977535115,3.6988133308097,0.872913415709931,1.11881954316832,1.46895714996984,1.87527706452559,1.83249820318106,2.73751780247617,3.06938628830102,4.74456839246306,2.23475053359495,3.99220270151374,3.58224245777178,2.78991588324874,2.46314286726609,3.2224954994491,3.25953551350108,2.98113493367602,2.05560906839135,2.59565507941112,2.67478665268258,2.81926371579627,3.77271305102655,3.48120609220957,3.13931947659029,3.34274773236298,3.20338567454755,1.33096995601343,2.08024889153582,3.05643292796487,1.15327065545605,2.61616143887421,2.95664951209379,4.12339435830366,2.11204808648949,1.99739738454416,2.30697496791511,3.99604530359889,3.52202386663983,2.80551649077884,2.04869239516646,2.04845484800124,2.29127461862645,1.54472249029774,2.74767668218096,3.14783335800757,2.59454996290735,2.62934223744851,3.28083696810871,2.34493167247575,2.73640910687733,1.72031459560587,3.04069768461205,2.34784343577426,2.39441542399723,4.48446895927492,3.73619608219823
"PIF_089","cachexic",3.1639820696524,2.46641839143216,3.83880101160247,3.03394641191995,2.46440486446636,4.73684062484774,3.17585216597598,3.37508629269017,1.75657770514502,1.73812651182593,3.58286059507705,0.664479935988509,2.90307321608518,3.28704698144958,3.19771453341295,3.71471267590623,2.24453588696127,3.66343384156592,3.74246358481261,3.01612512049563,2.92361395209195,3.68143890364816,4.23515447701586,3.70586511076884,2.55999671775928,2.86352410875489,2.93645153195426,4.03019337494505,2.42799552248869,2.56397087294952,2.76779901201774,3.29605306218005,2.99897395987324,1.48479259778735,3.13039172039713,2.21614445603668,2.20554371715696,3.52390365194963,2.55833688095822,4.02869803576595,1.65452815367962,2.31925034515704,3.26914471972453,3.41236846171515,4.26363046420275,2.43353198655216,4.1693122449367,3.51038941461417,1.42928182667364,3.50238502343627,3.51990024730712,4.61425113018228,2.54425591746214,2.15226070889874,3.34061574949026,2.33438115695511,2.5119746053593,2.50106344901993,2.75417784244483,2.57503746666547,3.05301625032496,1.81486599491008,2.09165855068739
"NETCR_002_V1","cachexic",3.28968143137896,1.4469824669453,2.81878339656616,1.22361870889474,2.5080497157828,1.03198588772947,1.16525504107256,3.07004314812611,0.59608026260482,1.55347329937748,1.58289844095613,2.12514179999192,2.08543392113645,2.91415086909777,2.39542099660116,3.79027358222761,3.7969936688644,2.94953109826353,2.21622475931456,2.18669040182571,1.87415406373115,2.1849193714587,3.43596923221444,2.1011710830571,1.55087376752199,1.90289495855388,2.87829458592542,2.96116211437918,3.37116527343515,1.14661020469187,1.708975624594,3.30540081264337,2.68741624271295,1.21208839615678,2.38862691400248,2.95821150292511,3.83468918294696,2.06300328198143,2.10000938884261,3.89610219814129,2.64448416667694,1.8360690752895,1.93454801572773,3.61018151880125,2.57326285413236,2.85864742595205,1.13643392402909,2.49536125166759,1.26170132150513,3.25094379337533,2.86804711955256,1.18958017326,1.69952980699431,2.12047491692937,3.14115163390617,2.70819622139339,2.23404924001428,2.13171758676549,2.43066652743588,1.44846659563992,1.34896875466896,2.57259207786033,2.88347462889224
"PIF_179","cachexic",1.9448378397307,1.3792731134864,1.43192115078871,2.07223147282827,0.253394683878559,1.03198588772947,1.204854826798,2.99411336388684,1.67136044612712,1.52075495843833,3.21318693186095,1.31846179134101,1.38365762669005,2.40392478498701,1.96764053066108,3.30833530459822,2.02656386611988,2.64894588337488,2.20777044311268,1.24953524846715,1.18878319051574,1.14735122227213,3.2492040348855,2.21496530663349,1.02493375007151,2.59565507941112,2.40339845944467,2.48814673168133,2.87620983122464,1.2923756258569,3.38080582778175,2.15697694959914,1.33412310957269,2.07398698295045,2.87988480851534,2.75096987889206,1.11265674346333,1.49015010851568,0.296633397734403,1.93653164804117,1.22506938120197,1.57105796551937,1.21038069056176,1.36072965117568,2.06071298826696,1.98716843616487,2.96144953196047,2.49536125166759,1.77212356576547,1.52676114240707,2.05566811638024,2.44144477207632,1.63919042681401,1.89795678051114,2.85202489464134,1.26554031060303,2.73640910687733,2.53269681096544,1.49715593336601,2.9348428853145,1.33894335924098,2.22013320164603,1.27964343191882
"PIF_114","cachexic",4.81832778140702,1.67996137769023,3.2981039173263,3.24899779505721,1.31957480458871,3.75781140302386,3.04835541798154,3.40368786639771,3.22565685175686,2.92231426932731,3.7819224263508,1.54291495631809,2.31907178169433,2.84545585543662,2.4489087834556,3.93202117869312,2.08353806191501,3.85130072825759,2.80653228149339,2.70374034211404,3.44834905979037,2.69373743680042,4.29744404749691,2.72230395671595,2.59091462885161,2.27235913425404,3.03337599876168,2.60167278011481,3.1843672514632,3.04343356965988,2.01547997284483,2.69852710781106,3.01842324536151,1.31809746119279,2.50415286667274,2.48873440808319,2.03354102226192,2.88760698358717,2.3489712489016,3.81106231103345,2.08399226816573,2.21507296822909,2.87601330859706,2.65009763226126,3.20570417842176,2.66734060053374,3.96074626446076,0.903254740265672,1.88352756692646,1.33818205652811,2.98837200125015,3.26407017554795,4.61585837904466,2.89440337851157,3.9289369340915,2.33438115695511,2.33002429061976,2.18455841994335,2.54157626238776,2.06377331116115,2.57225149610916,1.48012800165222,2.81243283125419
"NETCR_006_V1","cachexic",3.9475907994318,1.7869246668646,3.83880101160247,2.67185270195821,2.27211528366733,4.33112447667642,3.94053431646252,2.73677534130429,3.26825081718653,3.08527001396545,3.13736606084606,1.47171520304799,2.29914169712118,3.51273703061833,3.50793907048735,2.68473321604841,3.52248450202934,1.91626423308816,3.2702424211281,3.22079106209266,3.55543957920238,3.50185288131156,2.73022026537597,4.22352754443783,2.24801709757719,3.68559878389736,3.4016612465115,3.68961824310024,4.3143420790186,1.63614400929173,2.47058351130364,2.194327997151,2.80429691662049,2.36913950844979,3.18821029510638,3.99539205578884,3.52100998098015,3.10668070671965,3.00620136499607,2.21157590612337,2.03727146528243,3.44665619623675,4.0450830006445,3.76074966853737,3.41292879856701,3.9957623644797,4.15192643705814,2.6257264487513,3.45005945939348,4.13995689948791,3.18893000140276,2.53088284947326,4.59574486474605,1.26165221920344,2.31359600469177,2.98850925392226,3.11079529491111,4.0204055690167,3.02222656070122,2.33835439878475,2.43630866578007,2.72238130239053,2.29475975375872
"PIF_141","cachexic",1.17095577707231,1.26259665290152,2.69605416540536,2.30977140391956,1.17977632875757,2.05550523096033,1.4014373253238,3.65119039377125,1.71397563298609,1.56433026806046,1.74422086370653,1.85159804496924,2.13363868284617,1.78566899611175,2.4168376133583,2.55238841626721,3.21956254677553,2.94014002616878,2.5113090532709,2.11128663370728,1.71350251642929,2.68374595153326,3.37372254991919,1.95615356321635,1.00623432714536,1.36715673727896,1.98664594324618,2.41246604735979,3.55791532153138,4.56526498731067,2.86996751945993,2.94127045255825,2.05466713242035,0.101021402063028,1.82011358282853,2.36890131123858,1.48698125020878,2.72048822388404,1.64264473618101,3.18602582186469,3.04572277586886,1.94065975602175,1.06549982565827,1.99073536269313,2.48601712540282,2.22100969602809,2.15311943995734,1.10799614230418,0.909810116870174,3.31380562643915,2.03558927603099,3.25512109934436,1.00564053671368,2.13117641825854,3.00163064718627,2.53175873270722,2.00922315891637,1.47751325588925,1.86678308084314,1.56202131878966,1.34896875466896,4.13204658196222,3.32000171995867
"NETCR_025_V1","cachexic",1.78999748911641,2.63142554929375,1.66540475299857,2.94348687889287,4.58810103153301,1.49087690583957,3.21505977535115,3.63218543609695,1.5436474563959,1.31447718753261,2.01893980143607,0.664479935988509,2.80568132073877,3.12022761522292,1.94608156813171,3.81860797950128,3.15328275986546,4.15189023299419,2.74746196857172,2.89763437794465,2.73086465433142,3.16263307372992,2.35663377238575,3.23999331996013,3.71162227690452,2.51251137730871,2.76200574889486,2.72465535537015,3.51123698148149,2.80365872310065,4.04954085323246,1.83018516158365,3.48577358451984,2.35757547253645,2.84137696439676,2.84899260339969,2.22574039118603,2.28211986672024,2.14990723471236,4.00023143614238,2.53220056862874,2.90670375404367,2.5242462704333,3.13953242533403,3.24933429065882,3.18809368909862,3.79564444470403,1.39661020944227,1.83708011196347,2.33500661885043,2.87802404769956,1.94964330706453,2.17217503122702,1.62208694488714,2.23387790637323,3.68401804433135,2.72586148610446,2.27953152838184,3.34573073665742,3.12418473584605,1.49549379427809,3.11002635817202,3.45197242380822
"NETCR_025_V2","cachexic",1.23892850205544,2.79646936203985,0.695048043558299,3.13581603672087,5.33096628611287,1.77327710204946,3.52882744350772,2.59374541289054,1.16040220100573,2.17262755485233,3.39330659120055,0.926181058192652,3.0978398545856,3.5617884168139,2.76984634282422,3.74301484204324,1.88470196214207,4.53702121576502,3.16908654039723,3.3392820567643,3.19134346337219,3.81115192096839,3.03118536443518,3.86117865828798,4.61013538376158,2.49403456368795,3.02368656994033,2.75302878527593,4.15558684635568,3.28316719632009,2.9907111408718,2.17564671571746,3.83628687511385,1.99160289549746,3.72767554847743,2.92559366023756,2.24596119065662,2.69992174085567,1.30424872045791,4.23701105565932,1.99078980469501,3.33305513337376,2.93809324511685,5.01265242162557,3.58746386130565,3.18809368909862,4.15192643705814,1.62015167074608,1.92986307110499,3.79872283858154,3.08866732163161,2.61132150898988,1.65929247443716,2.65062968229429,3.08138277135789,3.79820472936597,2.87551197212481,2.55386077409464,3.97427396625583,3.0011094988752,2.31085576480695,3.13644802986202,3.49258327584391
"NETCR_016_V1","cachexic",3.99597376234215,2.13628028805484,4.97107176079806,3.20369925907309,3.88020462972441,2.66421820435221,2.10755629212086,2.39403638046857,3.11919904146071,3.46551737045741,2.87200322995622,1.25905882704918,3.52609210411514,3.33609571462866,2.90888206723957,2.9870497682042,2.26341076536026,3.57889126507301,2.94144406212927,2.8653191091485,2.83795137276126,3.63155470896311,1.51590044493862,3.66447350588688,3.43900069130942,3.1221554638971,3.07213559850126,3.05577000644418,3.25907225374231,3.02259090358733,2.49845030656071,3.31473169428919,3.68048800387338,1.63742843271703,4.08414555653431,3.2530073580956,3.37932680656749,3.58634286434771,2.458899262027,3.0442966962877,2.37343255686539,2.33834464150894,2.54496658916849,3.37484857461872,3.29302489768486,3.21997537257425,2.82239791066119,1.75976712157792,1.77212356576547,3.59218626937696,2.89809052447899,1.36854191304832,2.99679217789346,3.11705745604779,3.74944750912855,2.64595137013071,2.9717140658968,2.53269681096544,3.44740381835153,3.77745884536007,2.61401855702029,3.94702840769356,2.93427168790117
"PIF_116","cachexic",1.78058713074558,2.32087039167669,1.50190845604101,1.52901049498839,0,0,0.354283991826266,2.62253958273024,2.0439881362538,1.33601615149856,3.09953291928901,0.332110793833548,0.908305182527141,1.60911154157333,0.19129177354715,2.39189813700611,0.881270759314445,3.39102449024597,2.28363160256377,1.13104400329092,0.846088224765506,1.62619349056792,2.70951837013386,1.72862796278816,0.352450768846728,1.09008026213356,1.33732159274841,1.80699915474343,1.03623282673375,2.34512982654327,2.50773595358691,0.849804568919288,0.701526287564227,0.59747195816533,1.91658868281408,1.40854230517477,0.920425151505753,1.30193722624201,0.375994967416237,1.66160909942494,0.274192774209107,2.92573006181794,0.920749171153732,0.652447969397187,2.16962365632322,0.913822142209147,1.87510032846945,0.419193555971267,0.296755463985498,1.80515494818749,0.992730791959036,1.26106072925029,1.05590331813605,1.0816663392083,1.86501806814783,2.56285408928682,1.28224857206964,3.007487932981,0.831675742058549,0.662759511807793,0.534385889707248,0.704766799924058,0.853193155536019
"PIF_191","control",1.34530400361676,1.30135356824029,0.962993431229155,0.872995189898671,0.489305223138709,2.05550523096033,1.12764635921276,2.51807281103541,0.638746354225713,0.575546130160064,1.28920403365132,0.90221934986583,0.750365922219602,1.79547602637979,1.71100860856105,3.07224526905113,1.70494855111477,2.00079114203108,0,0.570906878238877,0.0857561047876168,1.10736599119216,1.7443406996583,1.13860144608926,0.932855320892041,0.240168348824842,0.678200197840834,1.73130585686998,1.66227858242453,0.979414121950413,1.52322032438786,2.09162108830969,0,0.480630731029985,1.26134412460818,1.4192631928744,0.758595570676316,1.25943431121691,0,2.55153993675088,0.420496234874634,1.35267673804287,0.961946459292809,0,1.54793372009146,1.5622012282039,2.10963714000266,1.44314111125327,1.48442268403664,1.67044733569594,1.57440034630784,0.724803924656856,0,0.445644795206817,2.08409831453986,1.1821130879823,0.619824758178123,1.43535610726596,0.489712918820432,1.27797149011547,0.711659221795735,1.64748288659748,0.457085170839442
"PIF_164","control",3.19296504107625,4.93229238950723,1.94079741491694,2.95468363419043,1.68652847399771,2.8582546639631,2.49945524358691,3.67987503576916,2.77852953463235,2.46597177553678,3.32699904783028,1.42435799054166,2.44566440672913,3.18891138035848,3.10146670563084,3.65801222585718,3.13429899915496,4.00159590050117,3.83519970682994,2.91917826947633,2.66660381806848,3.2823639315289,3.66431607761109,3.66447350588688,2.18688820360078,2.30929989090342,2.44215791832866,3.86936575137579,2.96958340388513,2.92881977511153,3.96594845299482,2.73586018470198,2.65813396986757,2.72289233019789,2.32114400431501,2.53235726897695,1.63877402507242,3.40916156376869,1.52326005724481,3.97196555960659,2.25253986956758,5.29399064487607,2.73117925138689,3.03612893928423,3.76195030365142,2.80551649077884,4.22147940001012,1.73181676955729,2.8567160952308,3.98729697057928,2.67744145375606,3.6038564215711,2.17217503122702,2.78840176662016,3.59987113423605,2.26192186366226,2.62951155068757,2.38495760996556,2.62478094028302,3.12418473584605,3.11570987307397,3.45363272800993,2.79212583749886
"NETL_013_V1","control",1.93515886529151,0.631204007210489,1.55359221375856,1.29119927693757,0.97009087486018,1.2885966206373,0.266052202806986,0.936803795730742,1.45844388004777,1.42307234957174,0,1.05635263121369,0.898370308040478,1.04974692515201,0.66267748192594,0.805284096316153,1.78995049890587,1.02386643345476,0.706961817907869,0.937148986987915,0.760421124162679,1.41672531479027,1.02824159027394,1.59404120065774,0.430495262527132,0.951509870767284,0.0386665637769845,0.179741896013764,2.00780350011516,0.91734458107285,1.8297135086839,0.719196095420339,1.13918551455509,0.951732607890372,2.46563654061033,1.39771509288756,0.434753665685373,1.36354633345961,0.496830266844133,1.29420033274511,1.21686372939899,1.58076000675792,0.641414624070349,1.88819049401479,0.95879743475913,1.19012751761778,1.0843469103947,0.772672475431837,1.31828500300548,0,1.31357930355525,1.73511834154309,1.106239945934,0.890926277617864,1.20643502023843,1.56593132256136,0.661372350072008,1.0240839091508,0.665357579981629,0.226980627010071,0.481913800052979,1.51526706640679,0.731162942134391
"PIF_188","control",2.54482141182632,1.28216850511001,1.32900223763373,1.33650007643371,0.235472883621364,0.160241581783289,2.10755629212086,2.18484479112553,0.329950813413644,1.238234935012,0.948146319041626,0.320309062416481,1.38365762669005,0.882845903827712,0.71638345438556,1.50404824584134,2.04577196299845,0.356983569447287,1.00252355388462,0.980240689967695,1.3279773653533,0.79799924380963,0.914143291611132,2.19445085402088,0.712599719683881,0.462015650929287,0.406985615493504,0.804167895559598,2.09181564036517,2.83499477151777,1.01237645766757,1.06470528600735,0.302997659955498,0.951732607890372,1.28069325744628,0.81804691888109,1.02162622897585,1.26971223734109,1.10550009809642,0.845595683156415,0.850689500275216,0.917203267915527,1.25169852303165,0.331539415455172,2.49688811841018,0.74384752089681,0.0864941921973185,1.77844121415635,0,0.413319480261288,0.390704393454376,1.46689211553601,0.814571926703152,0.933339153391004,0.997053130603788,1.17133249482363,1.00459262990462,1.24561870279895,0,0.605919882568352,1.44319239554246,1.3742746226377,0.335193693451185
"PIF_195","control",1.13222664030567,2.61202591912418,2.2271005929982,0.590138242493292,0.0172136525597256,0.732701690868699,1.31336651713672,1.29948151701292,0.872913415709931,1.07538683545827,3.042645164114,1.15226904661465,1.10255615725756,1.51099314664723,1.14381589707594,1.24805254571057,0.833880770492782,1.20234377489775,1.60910305622969,1.37879783087346,1.3279773653533,0.748096820191479,2.19044901246799,1.78032857853505,1.56181956555016,1.33940636525544,0.222722789114815,1.2393303415317,1.83958533336025,2.62654363172026,3.66873397639225,1.20470249564519,1.17835425360117,0.966354442941774,2.07063257983741,0.741402475525018,0.151151299759418,0,1.37294281582198,2.01242395249673,0.339720508251508,2.1298169204336,1.3965699995724,0.854084928848585,1.56998719381922,2.19975955920751,2.50957095742794,1.42437176430229,1.2431486717005,1.41009471418849,1.05278573294213,0.474517866317016,0.925197062105015,0.370777427277812,1.54596809287407,0,0.694576294819331,0,1.71897507760959,0.321705452986915,0.492621057750047,0.281701663438847,0.0710503186420625
"NETCR_015_V1","control",2.6221582285143,2.39841706973827,2.93102568184429,2.86426136096405,3.2596828347457,2.66421820435221,2.30306969450471,1.92739898811033,1.70330587128429,1.45570061144959,1.45968737419127,1.34208262763746,1.34498656842443,3.0515246600755,3.17634178370759,4.64063198995458,4.30824496550438,3.97341579765118,2.39328239703706,2.4775312588785,2.14185777008045,4.0206610634866,3.96532029525578,3.37456732707791,2.1765771295203,2.29084128825982,2.83953912835344,3.33012074881015,3.81007189676881,3.4499457899806,1.69039183587012,3.33339690808474,3.45655636456857,2.33410175141845,2.62945041525091,2.53235726897695,2.34721629546796,1.86570534340725,2.7376238597355,3.12003284281734,2.9801633598876,2.24358183272336,2.0586775162687,2.70660983220183,1.98438353853461,2.99681581497286,2.31832194516768,1.01486685416442,1.64261873478335,2.98155018479643,2.94824007356608,1.99435809079509,1.21681624143153,2.70357876792501,3.73949635110741,3.00919676350493,2.27677227761263,1.80467340875671,2.30123987136148,1.4673814924674,1.90338581366152,3.88535316345867,3.01544292929152
"PIF_102","control",1.62567233213553,2.67996893449291,1.91063287357098,2.83033794179805,2.42064723203927,1.90580277892695,2.94044559213998,3.74640041973719,2.94887017471953,3.61763022118778,3.84826976231104,1.34208262763746,2.41618235209499,2.92397385823683,2.4168376133583,3.00608611243286,3.72124806551826,3.77615449386576,2.97513797964661,2.16514632423605,2.25967607268703,2.98306318956505,3.73699531185271,2.50491430877688,2.51970507141565,2.33701332299279,2.42278445040823,2.96116211437918,1.73680384769004,1.6674515430236,2.28482508281922,2.06360622885952,3.66101884561845,1.64889246310971,3.16892799598377,2.31441780269788,1.55788972376319,3.53422317107773,1.62218505470386,2.91189366795276,3.33506241735106,4.22350001324947,2.14147782471945,2.06588409960486,3.23842812620648,2.15724005545853,3.42191182217574,4.2181218919647,3.50566188993627,2.29009766778618,2.71763303196329,3.15677318534445,2.88617440804886,1.37847450077022,2.59282648452136,3.92280043761798,2.31934545541206,1.2139353876991,2.41214728458216,2.52775149097323,3.77427218556368,2.90738678745106,3.1068444916969
"NETL_010_V1","control",1.92566279162699,0.670645065996375,1.10461916381936,0.612085853350642,0.830320723227267,1.96745787977625,0.607787820136196,1.78444329399379,0.457751686580028,1.33601615149856,0.910452367818801,1.80503627416142,0.781821526734241,0.52972414485648,0.812592190939704,1.17242315730032,1.89414567645565,1.38082107564559,2.89077605401763,0.420100660484841,0.974572849382372,1.28702144767251,2.03475948813675,1.02426759227471,0.548497859027656,0.434263856357439,0.610508245342191,0.775829162404254,0.345918830537331,2.58479329754668,1.54179611547328,0.588615495435317,0.701526287564227,0.565252427716539,0.8374670965528,0.402795498067561,0,1.04202988522478,1.12461142310517,1.31234770176906,0.430118865266543,1.20180900081031,0.537760502290153,1.09811729119534,0.795015985972971,0.690818039745102,1.00542787754523,0.968371126312192,0.530757286334137,2.20926375719022,0.100545429015197,0,1.94087563123587,0.243641151170554,0.618911358557119,0.880588655672055,0.865434348125318,1.15038440059263,0.332391686430565,0.293371243269368,0.42950057580629,0.916296613954216,0.853193155536019
"NETL_010_V2","control",1.32567490886778,0.262122643576351,1.10461916381936,0,0.33140759761174,1.91432818852659,0.626228335714126,1.62185214831142,0.127865771700038,0.347573580617561,0.635004043080729,2.01769550536334,0.781821526734241,0.255015631241591,0.213784726782736,1.50404824584134,1.94167796551023,1.03328229018334,4.1893520157614,0.0646255707611873,0,1.15729610927362,1.25635108998689,0,0,0.323343390592412,0,0.681232130510705,0,2.08458023135671,1.78327257052125,0.588615495435317,0.467527110890643,0.565252427716539,0.0673432456891615,1.63769564361355,0.626854720540354,1.12513900445806,0.53861273846268,1.32129257550653,0.490358274221432,0.519102062303754,0.175773987645953,1.80282822676604,0.370839734493089,0,0.492078026248832,0.325947192749844,0.400833526760504,2.05659211750464,0.199921798712897,0.876572500788137,0.512906472519004,0.202021245013464,0,0.880588655672055,0.45935618312266,0.802250685183578,0.332391686430565,0,0.878943290167935,0.863482627417538,0.751942665847645
"NETL_001_V1","control",2.00303730261937,2.08786694472538,1.78849160689844,2.27562124100338,2.28955081006341,1.17317269849821,1.42058087047185,1.45083161649604,1.40520175747052,1.64038320293065,2.00003478438734,0,1.20978054678405,2.16838252048527,2.1065970899027,3.23286143126377,1.2213374128884,3.33466138032401,1.83688012797902,2.08974316719502,1.64926172899879,2.53407312590812,2.51227528128054,2.87769587328056,1.23719756965164,1.14548097875286,1.98664594324618,3.22605759702038,3.81007189676881,2.38679837740236,3.20433509113311,3.10932564029675,1.82080690732129,1.72004397359392,1.38678184878011,2.36890131123858,1.46680969496156,3.00210697506427,1.07413783715288,3.07271279956026,0.439643303839611,3.98665081672872,1.28276245107769,2.21728647401882,2.55129016783484,2.18914106460251,2.81371543274459,1.02398932729775,1.29980487178971,3.67299985584891,2.0657912329909,1.9854380148267,1.26711343465096,2.27952022337272,2.72246228060889,2.55230560191062,2.12682027269838,1.69917446830038,1.32139315424386,2.32890890316911,1.17157113679807,2.12325298407558,0.934698395947332
"NETCR_015_V2","control",1.90610000210555,2.05874127752224,2.70621001712276,2.55876816777362,2.35076772830358,2.50538856584153,2.30306969450471,1.5077783399415,0.149154510628177,1.82505538398369,2.03779152487481,1.76945741789756,2.15309761682527,3.25759362075753,3.20844203413344,4.42332260256781,1.2781695390808,3.97341579765118,2.95832160261022,2.27286545816464,1.92772024770503,3.7512884490783,3.46712143745173,2.82592017698795,1.99543654534117,1.94908664223061,3.27567138949574,3.31120175743376,4.10889797383235,3.91900359539825,1.3188693276498,3.5201285098732,3.56368136218304,2.31015156016802,2.82209273827894,2.42316017677121,2.12461163965212,1.11332459660804,2.99642854930502,3.47974707689447,2.41999517234053,2.1298169204336,1.91385725492282,3.27134701429639,2.22407459953956,2.99681581497286,2.353039639899,0.884575075414691,2.69922451770455,2.38888085729196,2.95828143771035,2.11062522016522,0.66373458032827,2.6717932590688,3.39048985753112,3.03002280840948,2.37283903137267,3.42954571309758,2.44912495914109,2.04483646346935,1.55835364742217,2.75759624667138,2.69066186853303
"NETCR_005_V1","control",1.5095171895906,2.08786694472538,2.83919086358609,2.34350958878857,2.96253596958511,3.85485841887088,2.1366855388316,1.96496640086249,1.8629827992936,1.84667227515555,1.09923520875395,1.88799637378313,1.35440866697404,2.53148417420113,2.39542099660116,2.88311806392438,2.10257790946019,3.52252975645384,2.43545554710662,2.66065255797926,2.34535352369588,2.79348748673491,2.68875881136377,1.95615356321635,1.66274822330949,1.92134884429546,2.43248584070775,2.99900509966032,3.8287338834541,2.72027726674356,1.49534170246107,2.83855610013788,3.09630849184766,2.47571321641574,2.50415286667274,2.46715969282049,2.14485160791069,2.55355058731745,3.01616241169962,3.77309487529784,2.50409207803385,2.29100816086205,2.06903625936396,3.32787868396455,2.31145357122322,2.66734060053374,1.98829130024038,0.92156705407494,1.46640437175729,3.07134447444273,2.75767588872077,1.18958017326,1.59895483956711,1.54807169797091,2.10406229485791,3.05079389932388,2.15916360532745,1.59357583438122,2.70796530920249,0.908907306756231,1.87183552444176,4.09680591198048,3.18800557644793
"PIF_111","control",3.3284379807929,0.437004069307988,1.62570750822109,1.98158977641554,1.2846689134414,1.53524378031235,1.60741874995233,1.86956978705706,1.61816599970803,0.999275282940201,2.77728642911409,0.702320777117695,2.28000379834322,1.80537180321775,1.45415295876275,1.66434330464598,3.28583515552274,2.71469867973086,1.71053741552447,1.44343099685018,1.1459440028258,2.54407884571641,2.9689664392465,1.56280394300993,1.53142838016479,1.67195576365189,1.13379619787044,2.18539964095755,2.75476262628339,2.31387550071948,0.863777028090839,0.653733063034812,2.40504365203046,0.199650967834107,2.08024889153582,1.33168018961033,1.2137635310775,2.71025566451892,0.687212727057865,2.68419852553491,2.40164791072459,0.984227446245291,1.43798333886574,0.636627707085678,3.03123764514009,0.945703340638365,3.08303776749844,1.99258708814635,0.438349577504945,1.15868804663243,1.69462826474285,3.32667223184216,0.88497533823388,1.50549077091286,2.44317128224472,1.69075842192714,1.59204376294718,1.07673400383724,0.535651246474953,1.21174334368652,0.9730342590601,1.24228222428584,1.2085022812254
"PIF_171","control",2.52538755490695,0,3.17571299754687,1.54043217284958,2.39450603130682,2.20562067326482,2.68560780418435,2.21263382536761,3.30017641989832,2.61809823625469,3.13736606084606,1.08158899223869,1.5978744678463,2.75715078354537,1.75374527677365,2.7603440866301,2.2252770311284,2.35775336443174,1.69342842811323,2.54216204775267,2.58094501848282,2.49418479318507,3.38413232562492,3.29174576444966,2.34776077242694,2.24463564295995,2.38400716396452,2.40299422184695,1.90500788858984,1.68849767419182,3.47368681482965,1.8115086899352,2.68741624271295,2.60503877612227,3.05329731476998,1.33168018961033,1.27468237888467,2.4907549315895,0.926280913486191,2.5425976234848,2.75625463547829,1.90265577038865,3.13465278474847,2.78195270821911,3.07492126179772,2.44416125339451,0.979629177689642,3.41728522259167,1.48442268403664,2.36192995228367,2.02563902424496,3.39819675284204,2.42358001052696,1.24061321971712,3.41039533090388,2.0540563697819,1.94519028853046,2.13171758676549,0.69310463508046,2.60345471832123,2.93804445097893,1.63871254191797,2.56876636618902
"NETCR_008_V1","control",1.86753612815566,0.757576712015524,0.858612050877825,0.0701138984338343,0.33140759761174,0.732701690868699,0.647312843834643,0.567872834106958,0.42572829474222,0,0.938105684697332,1.02184651114317,0.243285195309236,0,0,0,0.209516764398789,0,0.369041751780185,0.312381128514665,0.33206965369368,0.917887963456386,0,1.01408758736417,0.620140663504783,0.71126650188485,0.310072774855002,0,1.55948541082348,0.0618824346946576,0.965920020588889,0.130919192374781,1.35355695920835,0,1.14596252575805,0.295428732516966,0.515556209063696,0.885874054072858,0.53861273846268,0.419120389127025,0.673163410049878,1.23018026440984,0,0.553273859736873,0.642439099667623,1.12652045741075,0.5367968241016,0.949413340738057,0.530757286334137,0.404365071184661,0.380774798868748,1.06456392646335,0.603357551449253,0.466324140308682,0.278558340312289,1.60804435792758,0,0.696729390884252,0.720698283943249,0.530174208439804,0,1.56823100535151,0.711209175877221
"NETCR_008_V2","control",3.0769089403874,1.85481539519584,1.31811536313793,1.9474633132721,1.22333331316723,2.06433333384214,1.68589196745356,1.10658145338722,2.11850744248766,1.4773410115935,2.61614949318492,1.21153680066676,1.66601968859254,1.27546673855348,1.60374543027204,1.75870591296558,2.37681667109955,2.75227378042208,2.00558052530164,2.2082341102555,2.14185777008045,2.1849193714587,2.02446634587847,2.87769587328056,0.370322739476954,1.52417542255575,1.32766120226938,1.97728038148366,2.82952530217061,2.42845340602464,3.82662998701374,1.85819406636118,2.91136105398656,0.527921711838585,1.81051570987531,1.91022981323973,2.08410587732588,0.92644809832192,0.944592592168956,1.39820639624462,1.96248935484436,2.72667827655667,2.20354327010302,1.94417889009462,2.40971666932352,2.76299247888378,2.59627841139978,0.483683962027452,1.55869210872681,1.83210171591667,1.56423163196068,2.36093917478807,3.33870763328109,1.42092657353025,1.73534530831297,2.98850925392226,1.52839076174328,1.6148779442412,2.32896071095934,0.88995243584095,1.49549379427809,1.56823100535151,2.33535680217122
"NETL_017_V1","control",1.49997679836297,1.13654536596762,1.85009058203546,1.58557472514648,1.69520417786055,1.12070739078512,0.772997162748045,1.28883918531137,0.894227352899647,0.716689895691362,0.464970229235704,2.67044921894714,0.477033845352689,1.1871253084037,1.19733876554326,2.64691400622859,2.88809674058058,2.6207665484096,0.833525556652001,1.75581360958503,1.39224948221615,2.09509996678989,1.53670338435683,1.51094589801666,0.962849802922337,0.969996328649823,0.552166615723696,1.50424180194224,1.5876024196283,0.802385777811825,2.30339850924748,1.28869062678732,2.27845371657388,1.48479259778735,0.693091002688844,1.02528690727406,1.02162622897585,1.3948539223706,1.39338249620505,2.05026731338658,2.67219097059894,1.39134850529251,1.15867569781156,2.30166525458284,1.72254202738201,1.76398625735202,1.3884854262157,0.912455910812712,1.12328615017945,2.85583914108839,1.16307693187279,1.86023734154773,1.81014645255204,0.848394928473379,1.71524242417342,1.95042159501067,1.0147384157422,0.275128134728994,1.60801811516731,0.785829791070352,1.06706501419011,2.52854638939722,1.96987018235337
"NETL_017_V2","control",2.2159127889025,0.408635739951487,0.902312887954212,0.736736870763164,0.567828632610376,1.42958085828119,1.11663060466168,0.584831361223218,0,0.597214314629509,0.311908042126818,2.77723323582697,0,0.196006089722852,0.694889552357726,2.78879937183412,1.59074707851376,1.36205186460114,0.386670262905372,0.484734281934468,0.803314593930718,0.927705488212684,1.37075004223525,0.196297614227665,1.45875386007709,0.905287698033396,0.552166615723696,0.65276276177514,1.25140973971028,0.500231615282944,1.29100922314908,0.859315534072786,0.876525911955615,0.269875673733105,0,0.590252128246306,0.738338355557622,0.550703345569311,0.766230788846429,0.679841552644501,1.03047564442646,0.170276522061807,0.217090446799321,1.89659486636456,1.58084892318507,0.775775012141942,0,0.931117958390694,2.53217114986339,1.76925667295448,0.250416301338702,1.58312140935492,2.16213100110257,0.540833423827557,0.838111475612006,0.652150875148744,0.361670584351244,1.42481982082067,0.498918521855682,0.672043566633824,1.52714873632974,1.62985401517178,0.701083254775273
"NETL_002_V1","control",3.58962506808162,2.74793602142961,1.83964142067996,2.54727935627179,2.00998386726238,0.8739034197473,0.647312843834643,3.32752150283312,1.82040795252113,2.25962562736997,2.30339899502743,1.28212437800696,1.94865944512053,2.36463925322267,1.87118681774983,2.12737933141136,2.61368342132026,3.15618636837067,0.900402937557843,2.05742661264226,1.78846795256389,2.19484473815244,2.97936975668146,2.29793205414279,1.70140327762043,1.66273044970813,1.60866450750369,2.33677765425905,3.69799710040981,2.05320782158159,2.39628385400951,3.11865225024999,2.07413676172072,1.81437368838905,2.03213612819529,2.11756165420612,1.82093985655,1.86570534340725,2.7376238597355,1.66160909942494,2.0937067032725,2.22455509453095,1.85177488672335,1.48302630107772,2.39863269648594,1.99788569603299,3.17867728992475,1.62015167074608,1.51287247982439,3.2599307051948,1.85516689840804,0.19685784665581,2.07161803438691,1.9826594743617,2.62272862567915,2.08507581348008,1.95571347722523,1.68865488202614,2.31049462926296,1.07906959406587,1.90338581366152,0.925025373298737,2.22364591399446
"NETL_002_V2","control",4.56678667113732,3.45666130525843,2.4001323259455,3.35079518292089,3.2596828347457,1.25259221307797,2.1366855388316,3.99415828780766,1.91626972029206,2.79193671422796,2.47401447843505,1.34208262763746,3.53595109951499,3.04171931283508,2.25646888788843,2.7982394979371,3.04912415469757,3.47556537391891,2.0392851504063,2.78991588324874,2.484549083616,2.69373743680042,2.85474024256165,3.25034836400082,2.15714408006403,2.17074691902097,2.39371617969988,2.86656501866563,4.56649394547166,2.522222546492,2.76779901201774,3.66951838187748,3.73887952832504,2.92383892029966,2.78357111389536,2.96915774987274,2.19545746154362,2.37617894958958,3.24533790420902,1.95494374404196,2.46704805446113,3.14353258343695,2.78289703377445,3.93968267849979,2.46416313694655,3.36874393430709,2.94404300398935,2.63508964928497,1.87408756320997,3.78974328740297,2.66745572097118,1.627790707632,2.87612333018287,2.56572814760964,3.46028976415661,2.92625324568281,2.81142441948905,3.9043462272093,2.80964197665008,2.28153577176552,2.55128251811983,3.14527135306309,3.63468401829842
"PIF_190","control",1.7514580876951,0.350338802577199,1.49272666175777,1.46116033544355,0.838835322006367,1.57067898132876,1.36199095354759,2.20346060411246,1.41584141210255,0.684300412690332,1.37445940262515,2.70588881273374,1.73500568416084,1.1871253084037,1.02616081543778,3.59181006145821,2.14991250659204,1.85989437178644,1.7779363422546,0.807889825602719,0.995981864656908,1.67610061355957,2.3462330441759,1.43840167585096,1.3804402100629,0.951509870767284,0.649098501801698,1.49477415413726,2.10112421633678,0,2.21981055686116,0.952545812980785,1.10004040121524,1.07192774478881,1.51182871680928,1.13519914332376,0.859588431214588,1.06218898718259,0.716158645335307,3.23365126658293,2.76571072528163,0.425847148412106,2.08970513026312,1.50230240370939,1.73327432572648,1.2434109301655,0.492078026248832,0.567691977502114,1.05833972064767,1.17654681833665,0.762145176916376,2.1731645483772,1.82021277638218,1.0816663392083,2.99156540190991,0.548906158206391,0.875833371458084,1.51978895101566,1.49715593336601,0.937253812142398,0.847180565468782,1.90294585337126,1.90903517003748
"NETCR_009_V1","control",3.53157212490523,1.96152171758576,1.98272484208323,2.68323925063364,4.52692581305495,3.81955511129138,2.45049474789519,3.93700046246848,3.08726088917743,4.28036121671081,2.61614949318492,0.359199898096277,1.71578908826592,3.51273703061833,3.34748007389639,3.86583975199624,1.68611484871924,3.71979191565155,3.6244080258031,2.80068716950532,2.57021621226968,3.53178460499618,2.08669777801712,2.81555817622542,3.86287120257829,2.15228422619918,3.49857805823073,3.76530080864589,3.30576608480467,3.68970429736863,1.55107848024174,3.40809176971704,3.61233774681906,2.6997095218416,3.17854453198,2.76176715422867,3.36922209598416,2.54334364656776,3.05612775517437,3.78262024563874,1.06747071987521,2.6320180753065,2.53459551302263,4.05261638544404,2.49688811841018,2.77361439293466,3.56965149661691,1.68532128507944,2.05961298129397,2.66723995442278,3.41962985661828,3.23723498432538,3.01691069900905,3.24426745811984,3.49019827003791,3.94356285000402,2.74725339164179,1.85750437196909,2.90206959458317,2.58451616568397,1.9136944464505,3.89416202074632,1.82768584701301
"NETCR_009_V2","control",2.23526292515234,0.175234251112777,1.17751377110158,0.736736870763164,2.15856220736439,2.61124241449052,0.891379003597979,0,0.723957453800508,1.95537027548216,1.33677522956168,0.761007302715734,1.27634810624122,1.68757575288362,1.83929526307975,2.08019313893277,0.321024851087163,3.19376067654616,1.02736593211176,0.894062494895894,0.82467465949028,1.95539065919923,1.21506619620853,1.78032857853505,1.47963549010456,0.868398667525701,1.59898213902696,2.93278201953796,2.33452470169807,1.94888673635333,0.260036526356949,0.61664271961267,1.50912062330549,1.12899221296541,1.52164250485914,1.20084232559148,0.495656892200935,0.85284910432612,2.30945536986226,2.26780732472396,0.245470911700118,0.803712387084545,0.651541090603272,1.57764527972667,0,1.36013613822217,0.944562696224938,2.38362462892843,0.705703258256001,1.14060847360759,0.892572970066444,2.31626416901223,0.271588527506511,0.773875850264573,1.17711539300225,1.17133249482363,0.394632852394839,0.169062028708956,0.369525756766934,0.0947554334019915,2.07056773982412,0,0.122941436855419
"NETL_007_V1","control",1.18070371406098,0.893771397890063,0.418910270876981,1.33650007643371,1.32826058303098,1.4467844218589,0.841335993536835,1.441760321471,0.319453964655027,0.84706888128284,1.93355913310077,1.40074611145323,1.65689916052224,1.22644252543711,0.898098704227973,2.34479660459436,2.07387259246185,2.65833672581611,1.23806443582355,1.23876393255487,1.2316190926508,2.14499340984252,2.50187903404528,2.29793205414279,0.430495262527132,0.960677721669407,1.61840747262826,2.42192078015106,2.62409099308854,1.8759925381746,1.69039183587012,1.5968449881729,1.91817291340253,1.000724843453,0.856587797085623,1.38677942591805,1.24411726558836,1.5211466345887,0.0401765527802952,2.5425976234848,1.08661778884019,1.23018026440984,0.765442604935522,1.83165301827368,0.92616056977217,1.83841724817943,1.39662628086745,0.903254740265672,0.742365812716067,2.4068238379538,1.5341455433807,1.69933943259494,0.854797736153419,0.763214727434861,1.58577105938487,2.2929140693856,1.16432564216519,1.00283272317966,0.905616014053635,1.3536552977046,0.30337345239526,1.4977310217953,1.33050627292392
"PIF_112","control",1.52874341526279,0.466439271475562,0,0.158667074701202,0.375694689795644,1.46494358846945,0.724639269953999,1.84153198139673,0.968815460113125,0.467072282708231,1.57365127474589,0.0154370624474273,0.623260490110667,1.02042298883782,0.983667184586998,1.35221771230844,2.85972208845109,2.20745726405795,0.572106723898048,0,0.0857561047876168,0.289183669640922,2.05571388498631,1.04499430511841,0.725143234781489,0,0.881719344640065,1.83536576301804,2.26920537181788,0.490089341343485,1.49534170246107,1.44747789971134,0.341835999143237,0.585492494972329,1.09749592639088,0,1.0723520924908,1.00841702998354,0.0895587125739839,2.06930994203962,0,0.348074121404876,0.310284304835818,1.77468144176512,1.02455720701147,1.02019597349306,1.88381684967941,1.25695222885753,1.47502820960973,0.548101454626645,0.812050042435784,1.00194727114195,0.392221922937851,0.530504513289039,1.60580063179871,0.662817014780375,0.779646522484325,0.791913667103841,0.637468823698164,0.918244307266631,0.492621057750047,0.713436934246646,0.792267963198244
"NETCR_019_V2","control",1.9448378397307,2.03932071501403,2.43074106852638,2.50216822872802,2.52553030251887,3.86365815448086,1.85268555681018,1.86080458306965,1.99076877634748,1.81414950835243,1.86738355044674,1.78105149087965,1.6372296177703,2.33520402555562,1.64678409692647,3.63909003167565,1.60997057166508,3.65403910975513,2.03077761140875,2.48830234517795,2.17399922531683,3.19257176302538,3.26990364754611,2.76377020278447,1.55087376752199,1.80128175696941,2.19988154792231,2.42192078015106,3.80073159389109,2.57443407953143,2.59132693209078,2.74521763231467,3.07684009852196,2.0145390373867,1.69493372003139,2.08519748080631,1.49713793252521,3.45068363622157,1.85100085887796,3.20528334018836,2.13081026356227,1.95933609765837,2.03798189605945,2.67847398734403,2.38790379507427,2.55044310342871,2.17075253520178,0.577004105179322,4.4698250898329,3.22400105708919,1.79489320687037,1.57415772243063,1.29728053822416,1.77058212355072,2.36340742024656,3.11306443716982,2.24465134205647,1.93125964518317,1.92224503829226,1.80821918513793,1.36988681134288,3.82367679671039,2.39617953374819
"NETL_012_V1","control",1.23892850205544,0.874305832721729,2.14582387498112,1.73250948810826,2.12350926855237,1.26152995937758,1.38191251819033,1.26170120206943,1.89493647490075,0.771147008001024,2.14223128355165,0.914260714422717,1.13048948615276,1.51099314664723,1.02616081543778,1.98570005682173,0.842837549785764,3.15618636837067,0.808042306473613,1.43265784684832,1.2102057486677,1.93548887608069,1.97262030416221,1.69737916733121,1.15512324497299,1.4040859840431,1.53118074955925,2.93278201953796,2.4559832063608,0.958935252433854,0.956636418888751,1.41005827882438,2.40504365203046,1.74434273678423,1.61784117473817,1.37573310951216,0.606930535507019,1.25943431121691,2.41895590758811,2.42905310228621,0.37592287518903,1.62783347485916,1.32417590512515,1.77468144176512,1.83165269601951,2.19975955920751,1.2490539645686,0.6792766125234,1.03103123997151,0.763527734444088,1.60430211490027,1.78870345313331,1.71964833942487,0.954422983242736,1.61566653743431,2.39679937376408,1.25032507290581,0.370024357226825,0.951645346258553,0,0.962044485685549,1.36559262381373,1.74653809849282
"NETL_012_V2","control",0.667516218626537,0.757576712015524,1.42208413668195,1.78911550186743,1.87004437024627,1.43822458490722,0.665031250922194,1.02193620001988,1.16040220100573,0.945106855176504,0.0188227153929325,1.33033101055129,0.956513507445153,1.1871253084037,1.57185502303268,2.77926397679447,1.73321108301717,2.94014002616878,1.30588230011964,1.34648388861129,2.33464098060767,1.93548887608069,2.3462330441759,1.49048647898433,1.53980801315474,1.39485814423233,1.53118074955925,2.88547798055151,2.19454505884057,1.92810848826308,1.18884825572917,1.04595491892328,2.18123402279129,0.692836190234052,2.61019261269126,1.17890451528554,1.11265674346333,1.71961668118588,2.12040884096912,2.32500545000242,1.65452815367962,1.43817001920542,1.21038069056176,2.44287030390086,1.59160354276242,2.13598760035103,0.849206363724146,0,1.00289384846431,1.93987778135183,0.751859129204422,1.243332374827,2.84594972353691,0.572655691483282,1.2764991290566,2.64595137013071,1.29320039367517,0.812972406446037,1.06258143179424,0.927796768945906,0.575776380958056,1.823718885582,1.27964343191882
"NETL_003_V1","control",2.01257676931952,1.00998847871205,3.07369340767898,1.27996146648215,1.25847962984612,2.24968181482499,1.24453883475935,1.66065878492189,1.4265773479561,1.17304287971379,0.702063616089867,2.20766215140431,1.44250388827384,1.52072473697947,1.65736343610992,2.23130605479991,2.76513781718172,2.24502478975927,1.56714416449484,1.34648388861129,1.39224948221615,1.33686687320547,2.40855911000945,2.60846896965698,1.16726455334144,0.988474200178572,1.60866450750369,1.75968048213912,2.61470746748559,1.86564541490805,2.25695929823901,2.11032325127934,2.19078056907197,0.989378919598458,1.04956535321707,2.04116729330617,4.37101288646567,1.24905411549183,1.98086911927854,1.44361199308852,2.00948487363536,1.66577018834198,1.57239507356462,1.43645154207623,1.17701818114918,1.74284134178204,0.711433276425375,1.54544756456143,3.85794999315632,2.3709318181805,1.99551431756944,2.54872097544531,1.47830652938887,0.74217274518973,1.95444791361714,1.52435394343784,1.35738867694885,1.37221364970492,1.80210394480907,0.397665943047304,0.9730342590601,3.85011292775446,2.45717796818688
"NETL_003_V2","control",2.0318811815483,0.650738117718249,2.51267470292075,1.07589593340325,1.2147151221598,1.85284367737488,1.23476740662207,1.25062574264761,1.50109949287412,0.423310878702608,1.15624591077766,1.29436096340562,1.37451568861521,1.47172469159455,1.03713218320409,2.13688420569525,2.56637958358868,1.84110229640489,1.49949282464559,1.13104400329092,1.37081829848581,1.19723217441876,2.80285115137797,2.29793205414279,0.725143234781489,0.923827205238585,1.61840747262826,1.53262999920614,2.48400053990147,0.740137975198895,2.24767470549721,2.34370825279053,1.44120673922586,0.493717375220326,1.40593267780583,1.88808123005479,3.86506239492236,0.50062007707135,1.43304456074808,1.40637904062098,1.49613759592321,1.7131002774043,1.59308839523718,1.86828345553498,1.77723106114486,1.76398625735202,0.779963734236346,1.68532128507944,2.43960482799623,1.66153556174686,1.37374155089887,2.44144477207632,1.99116885034505,1.22993505243827,1.71524242417342,1.17133249482363,1.0147384157422,0.718164475734322,1.39547019576494,0.700531725437225,1.02551458308851,1.76200229871063,1.2493392360609
