Sample,Phenotype,Time,0.4425/385,0.4498/625,0.4711/463,0.4715/659,0.4766/757,0.4772/675,0.4781/591,0.485/736,0.4887/223,0.489/699,0.4891/691,0.493/654,0.4941/925,0.4943/787,0.4971/637,0.4972/689,0.5047/627,0.5058/835,0.5327/267,0.5438/445,0.8564/715,1.0767/403,1.1583/767,1.1625/699,1.3234/331,1.3318/309,1.4087/417,1.4112/485,1.5491/683,1.6114/265,1.8172/475,1.8563/721,1.8763/813,1.8927/853,1.944/1044,1.9734/851,1.9754/783,1.9887/474,2.6085/452,2.6114/520,2.6882/827,2.7608/837,2.7725/478,2.7851/1139,2.7863/1062,2.7865/1027,2.8595/927,2.8615/919,2.8641/987,2.8743/955,2.9488/1060,2.9812/779,3.0263/811,3.0321/869,3.0641/1042,3.108/897,3.1514/919,3.1522/851,3.1578/841,3.1586/987,3.1656/517,3.2347/1012,3.2501/568,3.3406/1074,3.4112/898,3.4279/589,3.4352/728,3.4383/660,3.4422/926,3.4428/1019,3.4435/951,3.4459/837,3.7057/658,3.733/704,3.7339/636,3.7992/756,3.8778/851,3.916/782,3.917/850,3.9806/473,3.9807/722,3.9862/634,4.0271/805,4.0289/873,4.2076/873,4.2116/941,4.2159/784,4.2164/1028,4.2193/852,4.2229/920,4.2231/1096,4.2912/664,4.3148/653,4.3965/1116,4.4961/849,4.4984/917,4.4995/902,4.5023/828,4.5031/896,4.5942/1162,4.6889/1164,4.6892/944,4.6905/1022,4.6908/954,4.6918/971,4.6923/1012,4.694/927,4.6965/76,4.6972/794,4.6984/812,5.5282/820,5.5812/761,5.6299/960,5.6317/1164,5.6387/1086,5.6766/994,5.72/1012,5.7243/614,5.7927/839,5.7962/890,5.8357/974,5.8564/431,5.8801/952,5.8858/979
S1T0,WT,0,126.39,108.9,124.1,688.13,117.8,182.72,7025.79,266.04,66.6,195.24,239.01,148.76,181.53,109.65,1067.74,184,284.45,552.98,202.26,53.85,163.16,58.93,0,200.16,0,43.93,249.21,52.14,126.46,0,34.9,573.81,98.34,0,21.75,30.23,313.52,138.71,178.79,18.37,182.46,0,0,0,0,35.14,42.22,115.87,0,131.95,77.77,0,62.04,491.38,250.76,60.85,299.24,1451.89,87.44,49.56,72.85,0,10.79,136.4,116.12,0,100.83,685.04,32.2,25.72,122.01,182.02,381.74,133.68,1056.08,187.25,151.87,709.5,100.41,437.45,81.5,643.44,1038.12,182.73,364.86,73.64,1255.64,137.6,269.88,50.65,41.16,118.31,0,0,201.34,37.56,0,438.76,110.04,0,202.02,365.8,1465.3,5091.01,154.31,139.08,134.95,63.53,286.68,215.73,30341.56,2715.42,14828.36,540.27,374.47,95.28,107.4,103.62,968.45,3047.02,515.74,357.62,2015.61,815.23
S1T1,WT,1,234.11,133.53,166.84,739.41,110.31,209.42,6967.26,291.46,230.29,217.44,280.89,142.78,276.26,92.99,762.63,201.48,220.84,633.13,338.84,400.41,165.38,350.21,34.38,216.87,114.54,877.32,1837.45,192.7,189.89,0,195.22,887.11,324.87,0,411.1,47.71,70.55,490.89,507.85,55.71,314.15,1643.68,41.86,109.92,113.54,189.69,120.22,344.59,114.27,498.93,317.35,0,447.37,2034.78,651.87,458.92,556.64,4017.94,144.52,113.38,186.27,0,0,1209.52,421.5,0,146.39,1224.07,150.87,183.92,1082.26,501.46,761.37,267.88,1952.96,317.48,351.18,1404.46,206.18,935.42,178.35,1173.37,1594.93,277.46,1015.31,157.85,2428.17,627.87,457.45,101.07,113.01,164.93,0,41.78,505.2,103.96,38.21,828.25,180.21,160.34,301.27,442.26,2398.62,6294.61,241.4,159.87,186.81,160.65,644.37,354.03,35440.53,3740.64,16815.8,302.6,183.82,72.96,269.82,206.05,1219.83,3877.33,718.2,374.92,2465.32,1156.94
S1T2,WT,2,162.68,128.66,156.18,529.62,114.56,144.61,5000.87,219.62,128.91,140.85,189.01,96.91,172.34,81.06,489.61,113.56,140.01,516.21,446.7,592.33,134.24,101.2,0,140.8,91.48,497.97,684.77,69.41,135.39,0,75.98,2249.2,64.03,412.41,316.15,41.86,271.44,418.5,862.91,95.38,152.9,1308.31,79.45,88.45,104.8,178.55,84.71,337.91,93.07,440.53,94.5,0,0,446.53,431.6,65.3,326.23,1952.25,108.95,82.82,77.27,0,90.99,154.02,137.51,0,190.22,1329.91,0,19.68,111.73,254.22,958.41,362.65,2519.79,323.92,245.66,2349.25,375.33,568.39,216.39,1622.81,4341.5,704.36,1022.65,184.01,3852.93,366.81,761.77,155.1,66.19,261.95,77.21,358.67,616.58,104.53,61.35,1316.66,302.62,379.2,486.72,716.13,3747.98,10854.13,385.28,251.3,282.75,641.63,795.58,479.32,47418.28,6393.5,26612.34,244.25,123.53,32.26,444.52,411.32,1690.1,5890.45,1159.41,592.91,2851.4,1686.93
S1T3,WT,3,115.29,205.38,82.57,354.46,99.99,92.6,3179.67,171.75,104.29,111.21,126.87,43.25,108.32,80.98,345.36,74.51,85.71,208.16,412.78,615.6,58.4,139.41,0,77.56,76.4,410.99,733.28,74.02,52.92,0,102.5,1183.6,0,0,175.73,0,97.68,332.65,494.27,53.76,103.13,914.95,58.69,74.66,0,98.84,95.28,267.81,89.36,403.03,87.6,0,109.91,431.01,616.74,66.69,443.02,2877.45,108.98,80.13,173.76,0,53.52,146.6,110.63,0,119.08,1149.58,43.3,23,172.55,116.56,743.02,260.5,1863.18,268.26,89.91,1547.53,259.9,729.94,168.99,1239.52,1160.77,198.1,825.18,110.29,2559.25,128.79,470.9,121.75,27.89,148.57,54.15,174.43,424.12,97.64,0,917.66,224.79,234.06,373.41,448.52,2828.02,7499.65,271.92,166.29,221.33,342.43,791.77,327.64,38163.94,4348.55,17717.53,355.85,171.57,67.58,270.96,316.29,1138.46,3628.32,800.87,218.14,1937.09,1177.36
S2T0,WT,0,172.44,121.48,158.4,828.48,144.39,255.9,7029.79,315.35,71.66,273.72,323.59,165.6,316.7,119.38,1312.55,225.77,281.84,677.56,257.62,50.5,205.91,69.08,0,289.41,0,0,362.62,45.93,185.56,0,53.44,769.42,113.09,0,0,45.94,416.05,203.43,208.22,8.96,210.51,807.21,15.71,18.91,78.93,48.08,38.08,139.06,49.5,198.94,110.91,0,120.03,757.21,398.03,107.04,401.6,2102.61,116.82,61.05,92.71,0,16.59,207.52,177.63,0,148.44,896.03,35.21,38.12,191.29,237.15,538.19,226.08,1528.36,229.75,236.8,978.33,136.52,544.73,127.92,897.6,1582.85,287.03,589.18,90.39,1772.76,212.88,431.97,105.33,34.99,148.28,0,0,345.19,58.49,0,650.41,159.62,0,280.05,428.59,1931.83,6228.52,211.1,168.64,172.97,147.52,392.61,250.17,34293,3536.06,15714.97,457.46,285.5,80.14,315.73,107.15,1109.15,3662.31,633.68,362.41,2219.94,1017.67
S2T1,WT,1,171.53,112.23,190.09,660.76,155.33,199.4,7022.22,292.9,220.06,215.96,270.7,126.21,230.51,105.93,757.2,191.52,200.89,568.84,391.02,359.87,198.26,335.05,27.68,244.95,115.1,812.19,1784.12,177.91,162.5,0,192.89,796.62,285.44,550.35,376.12,0,369.56,446.22,497.43,50.55,333.34,1680.63,38.33,110.49,104.47,178.67,102.6,385.81,100.98,439.45,327.62,0,431.14,1827.94,583.2,444.25,548.49,3782.27,137.34,86.14,167.57,0,52.33,1093.19,364.99,0,133.26,1176.05,154.6,142.67,1025.57,498.87,738.98,303.52,1784.53,335.01,361.73,1422.48,208.52,824.08,176.67,1111.95,1592.61,283.61,944.83,171.15,2347.45,545.67,453.78,98.4,108.14,159.29,0,46.71,553.26,94.29,23.69,855.25,195.19,168.55,336.34,489.73,2422.24,6796.05,232.5,169.69,181.83,189.78,641.88,320.68,36939.03,3851.2,16938.34,336,187.09,73.9,292.29,176,1263.98,4313.46,672.27,404.75,2358.71,1024.19
S2T2,WT,2,180.31,142.97,152.89,545.32,114.47,179.54,5101.51,220.97,128.29,150.1,205.75,77.48,196.95,72.48,517.71,122.89,142.56,529.04,456.28,670.96,119.35,116.34,21.33,182.96,114.25,509.49,688.19,66.52,137.26,0,89.15,2230.86,0,428.25,316.3,60.72,280.83,383.89,790.64,93.26,167.25,1262.35,94.6,116.65,117.71,208.22,102.37,343.88,103.78,438.43,84.35,0,107.48,419.26,452.86,93.71,332.21,1974.34,115.43,51.02,0,0,98.39,198.47,114.46,0,172.69,1389.13,44.84,0,105.26,0,944.38,358.32,2610.1,372.1,239.46,2236.85,345.63,594.03,175.79,1634.62,4349.14,737.28,1115.09,196.92,3761.54,359.23,697.5,158.67,63.45,268.07,78.78,378.28,694.84,116.01,115.61,1302.05,307.53,470.88,508.66,672.16,4099.18,11625.22,408.3,253.22,246.1,458.34,779.61,455.17,47975.88,6396.39,26455.64,261.21,145.29,25.31,386.97,475.77,1803.55,5661.82,1276.37,517.62,2814.91,1629.38
S2T3,WT,3,114.94,199.35,100.76,318.51,122,74.58,3296.96,126.02,112.66,92.26,99.2,66.47,93.32,61.64,308.37,63.36,81.68,217.09,421.24,620.78,62.78,131.66,0,49.32,58.91,407.68,754.99,78.59,50.81,0,96.25,1209.89,83.68,296.18,173,0,112.35,300.59,495.92,58.6,119.48,942.46,31.08,72.34,0,92.18,81.23,304.95,99.91,392.77,77.03,0,140.89,452.81,589.91,72.73,432.99,2864.03,89.47,89.09,147.72,0,44.38,265.2,107.99,0,158.9,1136.63,23.53,34.46,199.35,157.28,744.35,274.93,1746.35,253.22,96.64,1629.92,255.81,815.94,167.62,1201.82,1179.8,194.86,784.13,138.94,2671.16,142.52,485.15,112.71,0,147.96,61.04,182.96,467.97,82.17,22.09,894.92,231.14,246.36,357.29,487.29,3023.04,8386.07,265.22,173.18,245.06,266.13,864.98,350.11,37698.16,4554.14,18731.75,309.03,185.75,44.02,237.16,326.98,1117.54,3961.4,821.87,232.46,1937.2,1288.32
S3T0,WT,0,224.14,127.44,155.75,798.21,147.16,231.99,6685.19,282.01,109.62,209.56,293.59,150.73,252.36,103.34,958.22,219.88,201.98,702.26,193.63,0,57.42,69.41,0,55.64,55.56,64.27,325.87,52.78,35.37,0,53.82,272.01,78.53,0,31.15,0,89.26,191.47,215.7,20.45,128.34,581.7,14.37,17.75,44.41,39.6,31.29,130.51,0,190.89,92.37,0,105.64,591.77,378.89,110.66,335.38,2243.87,73.66,54.61,114.03,0,25.78,249.8,146.61,0,160.13,1124.27,50.05,37.82,192.64,187.86,650.59,242.12,1834.91,335.56,132.18,1356.3,192.75,519.22,161.36,1075.16,1303.6,208.3,856.51,160.07,2304.36,190.12,457.91,112.62,39.17,194.29,0,0,495.47,103.64,29.87,902.49,243.29,0,296.08,521.29,2604.7,7930.11,276.01,174.48,192.5,161.33,749.26,285.72,38387.5,3686.59,17747.38,345.81,194.35,84.91,270.16,121.92,1185.17,3990.4,737.13,475.47,2075.25,1218.37
S3T1,WT,1,195.09,102.45,174.85,714.6,132.82,196.13,6592.03,250.49,193.21,197.48,235.59,114.58,198.72,77.07,733.3,160.51,184.6,614.88,345.41,361.39,211.63,348.86,21.24,248.88,98.51,754.65,1826.53,185.69,179.15,0,209.84,747.25,332.33,496.31,380.69,97.64,398.31,395.23,460.53,64.05,396.9,1563.71,47.37,115.28,108.92,156.48,108.37,330.09,82.19,437.3,367.34,0,536.07,2357.04,646.72,445.32,559.66,4089.11,145.85,107.37,189.27,0,33.04,1127.09,397.94,0,133.72,1047.89,144.49,189.48,1119.1,551.97,645.67,267.12,1596.85,266.48,334.46,1257.72,175.89,768.15,183,970.16,1399,226.23,773.97,143.73,1965.29,638.03,360.65,96.44,116.62,142.19,0,37.29,403.37,73.57,23.46,732.41,197.86,135.34,262.21,406.23,2368.47,6758.02,238.69,167.87,188.65,105.88,552.4,291.81,35239.5,3544.96,17522.59,381.05,236.5,89.46,295.99,203.81,1174.57,3928.43,743.87,432.96,2047.55,1246.03
S3T2,WT,2,189.45,173.31,153.14,617.95,129.78,159.57,5559.12,205.91,163,194.39,170.78,104.28,260.6,88.63,548.31,134.34,162.77,556.08,455.79,695.51,39.86,151.2,6.13,56.06,84.91,496.76,786.8,99.06,39.4,0,105.12,2354.4,34.3,465.8,366.43,53.35,0,509.26,1064.74,112.44,104.1,1134.37,91.59,110.63,107.15,167.53,99.33,346.66,95.05,485.81,85.28,0,54.91,445.43,575,67.7,385.2,2450.82,136.36,87.19,83.57,0,130.89,291.5,132.34,0,312.3,2200.51,41.01,37.75,216.61,211.05,1471.35,578.49,4011.67,620.18,207.43,3985.17,614.31,625.03,382.59,2496.34,5120.41,791.84,2193.22,333.39,6445.18,365.86,1098.49,276.3,76.15,420.04,97.18,552.55,1275.96,266.45,139.01,2242.83,520.66,743.45,632.62,1012.73,5546.03,17446.09,524.21,336,286.99,1189.4,1725.49,710.9,61247.66,6772.01,23394.48,100.4,38.99,11.34,455.17,493.82,1986.32,6068.52,1672.55,697.48,2711.25,1500.56
S3T3,WT,3,122.79,252.14,112.76,400.94,94.86,91.78,3692.11,141.89,129.79,102.03,100.7,67.51,134.18,59.44,334.52,108.23,100.36,316.35,511.05,698.74,54.06,127.14,11.34,89.28,84.49,478.09,631.36,63.82,45.13,0,102.3,1268,72.96,397.83,109.74,38.37,127.24,305.2,500.41,75.98,140.5,923.03,36.16,65.36,66.4,120.57,73.61,236.78,51.9,371.02,85.38,0,125.55,443.37,521.97,86.19,393.69,2663.1,74.08,68.32,139.94,0,41.09,198.69,101.92,0,124.59,1050.84,15.22,23.37,136.97,125.07,690.58,250.85,1715.8,240.24,106.59,1825.11,310.76,803.03,137,1205.72,1018.51,176.05,993.02,170.02,2829.17,180.92,552.08,126.36,0,176.47,61.95,202.69,484.81,97.43,0,1051.88,241.52,355.1,402.44,695.51,3441.47,9055.59,300.06,218.47,246.6,379.52,1025.1,431.69,43881.88,4709.65,19815.53,277.05,154.47,61.74,334.37,384.85,1216.08,3966.78,943.93,320.96,2548.44,1197.15
S4T0,WT,0,212.02,123.96,171.54,815.2,128.26,188.64,6841.99,292.42,99.47,225.12,282.39,155.77,282.32,94.77,898.44,199.46,196.55,699.94,189.08,50.67,0,60.43,14.68,66.8,0,41.64,318.1,0,33.32,0,45.91,243.7,68.65,0,0,0,86.85,196.24,207.34,20.8,128.55,611.03,8.02,23.64,0,40.66,39.17,141.49,0,185.11,95.13,0,101.46,557.61,386.25,126.94,330.58,2073.1,84.66,61.8,124.96,0,28.9,249.74,126.42,0,140.38,1142.78,48.55,35.42,223.65,188.01,691.1,260.06,1731.78,304.03,136.42,1313.55,197.02,481.55,158.67,1059.87,1232.66,227.51,854.69,126.36,2407.31,160.52,428.69,92.99,32.51,189.47,0,11.54,528.35,115.46,34.2,865.43,228.27,0,297.94,513.6,2732.02,7284.73,236.07,193.37,205.63,180.04,740.96,281.14,39638.47,3807.03,17735.2,337.83,159.6,94.07,316.1,99.46,1168.72,4109.27,803.6,531.31,2094.26,1133.83
S4T1,WT,1,243.48,96.93,150.37,696.85,161.38,195.08,6461.22,235.44,205.28,223.14,269.96,129.85,234.27,83.23,738.24,176.96,186.78,651.51,365.77,398.54,198.75,310.26,0,251.06,103.34,795.8,1845.83,196.64,213.58,0,238.29,748,335.14,524.46,394.17,69.22,416.48,415.26,463.54,66.18,350.19,1614.71,46.09,130.06,108.36,171.07,115.12,276.9,66.58,490.45,318.47,0,548.22,2412.99,616.04,433.38,635.93,4122.95,160.46,83.3,203.18,0,26.41,1130,427.97,14.05,121.75,1003.32,124.74,184.12,1038.6,499.92,636.74,233.96,1601.15,223.98,286.02,1256.04,180.11,810.27,153.71,939.64,1346.32,233.12,830.02,133.66,2195.19,607.89,356.89,96.63,113.96,155.19,0,55.76,421.05,85.26,25.85,768.35,186.04,132.09,289.85,432.06,2477.42,6963.19,238.54,171.08,201.31,249.04,615.26,319.42,35567.84,3510.16,17122.91,404.3,223.3,88.03,259.85,194.14,1210.79,4078.31,661.37,456.78,2093.9,1122.5
S4T2,WT,2,188.42,118.7,163.49,611.31,119.12,197.85,5273.43,219.94,187.58,161.06,197.44,114.59,234.3,85.93,463.41,154.38,156.6,531.35,487.14,628.26,59.19,140.38,0,45.15,96.18,468.86,749.95,89.6,0,0,99.96,2252.71,0,414.07,321.48,0,82.46,495.4,1099.95,120.63,88.71,1166.86,98.17,108.29,119.97,175.87,107.4,283.78,90.85,470.56,66.39,0,0,366.82,494.36,62.07,386.92,2380.27,112.28,78.78,121.74,0,109.53,245.45,114.19,0,301.98,2209.05,44.28,0,173.48,216.23,1386.18,549.73,3773.77,620.8,185.43,3967.45,667.5,592.49,337,2489.15,4854.47,793.88,1939.08,331.31,6178.53,375.73,1037.07,231.75,69.98,407.49,81.57,509.41,1169.97,247.56,147.44,2122.48,494.83,681.02,640.17,991.82,5221.05,15917.97,503.83,309.09,315.84,1372.94,1696.81,726.72,58866.84,6067.46,23329.2,92.82,35.36,0,469.04,470.18,1929.74,5820.42,1565.7,705.51,2632.24,1454.01
S4T3,WT,3,138.91,234.54,116.06,354.28,96.73,103.8,3506.74,134.55,126.18,116.06,133.91,59.92,174.1,72.76,329.66,101.7,131.81,343.56,549.19,660.88,62.07,128.7,0,75.85,97.98,463.32,650.22,87.21,59.23,0,94.61,1331.04,92.93,381.57,166.23,32.96,116.23,299.04,529.81,58.87,118.92,964.04,39.81,78.92,53.58,107.02,85.14,268.7,75.55,402.38,100.8,0,105.14,486.45,485,77.11,410.52,2716.39,106.11,63.08,126.5,0,47.61,227.01,96.66,0,141.92,973.28,33.57,0,164.61,144.01,684.09,252.8,1783.68,272.84,0,1652.77,277.75,732.46,130.25,1194.96,1025.97,147.97,844.39,141.89,3016.4,186.19,551.11,118.67,29.97,152.24,57.03,183.32,476.34,105.37,0,1055.77,240.07,355.02,367.09,715.79,3453.78,10157.52,349.5,264.91,235.82,454.69,996.47,423.32,45018.28,4931.26,19363.4,270.03,180.46,84.3,299.69,363.24,1119.39,3945.26,924.47,350.86,2585.05,1226.68
S5T0,WT,0,241.59,146.33,198.78,909.08,177.26,262.23,5900.85,327.66,130.51,262.39,293.17,160.21,373.89,124.53,1143.02,275.09,270.89,702.41,262.12,68.13,98,90.27,0,71.43,0,45.41,441.2,58.48,57.83,0,75.75,137.57,102.58,0,23.43,0,116.03,243.45,215.56,25.44,106.18,174.13,8.94,0,29.5,25.22,21.42,92.6,47.13,183.41,86.85,0,125.46,526.54,306.43,124.42,290.03,2061.29,77.1,61.89,109.54,0,0,203.35,95.38,0,99.87,807.11,33.37,42.25,204.64,125.05,522.26,234.96,1539.61,202.94,104.86,1082.73,187.59,491.02,137.04,871.65,863.07,144.19,590.15,115.2,1839.54,183.7,384.04,86.13,41.29,132.21,0,0,402.31,86.54,0,781.78,212.88,0,301.13,472.7,2541.85,6435.14,231.83,203.45,211.05,194.46,608.99,232.07,50015.31,3947.25,17532.91,426.05,259.58,111.48,292.24,83.11,1180,4243.5,748.47,371.61,1431.19,762.12
S5T1,WT,1,192.95,109.1,161.53,792.05,134.94,222.68,7008.55,221.09,191.73,200.53,234.59,127.66,253.28,100.04,765.28,211.82,202.66,576.52,377.52,382.29,200.06,373.81,0,244.89,143.33,960.14,1970.61,184.69,209.63,0,198.71,823.62,295.6,540.3,418.76,68.89,395.57,423.12,567.29,74.85,344.59,1652.56,32.35,107.14,101.22,172.92,91.04,264.65,80.6,479.52,362.7,0,466.81,2102,602.8,374.66,535.81,3687.17,169.42,97.25,221.59,0,34.08,1052.06,355.37,0,121.84,1100.71,98.87,147.53,1018.08,442.82,658.6,241.33,1778.45,272.61,268.89,1429.4,218.93,839.61,187.17,1075.59,1578.97,275.11,843.65,174.25,2248.73,614.09,489.42,103.52,109.67,136.86,0,49.04,453.16,66.16,30.45,920.44,219.9,160.41,300.53,556,2718.5,7621.85,259.31,220.4,211.87,346.29,692.21,334.54,44164.25,4337.76,17663.86,415.83,256.82,103.42,294.77,215.49,1252.78,4485.31,763.32,325.07,2116.31,1137.97
S5T2,WT,2,214.74,178.69,247.61,650.85,149.39,185.3,5962.55,158.6,165.95,181.36,174.77,112.25,265.07,93.22,565.2,160.17,189.49,683.74,471.9,701.3,91.53,166.56,0,72.19,88.26,537.78,833.62,107.3,63.37,0,110.58,2340.5,79.02,475.86,350.55,60.93,166.71,465.09,990.69,140.72,134.45,1315.09,97.01,105.88,117.03,176.35,76.94,282.78,70.11,487.15,109.18,0,138.49,705.37,559.9,133.6,450.27,2879.91,153.94,80,105.27,0,136.81,414.05,181.25,0,288.97,2145.96,56.87,71.06,308.59,241.61,1277.4,559.38,4015.96,604.34,237.57,3973.18,578.75,669.86,281.57,2379.21,5525.93,877.91,2205.11,350.68,6716.22,666.17,1169.55,278.18,130.45,488.51,113.96,626.69,1245.16,225.35,188.84,2327.93,509.69,805.45,648.57,1276.68,6051.78,20131.33,598.75,402.65,305.97,1637.28,1764.68,748.74,64337.75,7051.5,26519.21,80.11,60.9,0,503.69,711.03,2228.81,6157.54,1904.74,994.2,3223.3,1636.57
S5T3,WT,3,98.69,233.61,122.94,386.48,134.12,99.44,3552.91,122.94,132.7,122.36,107.34,63.24,127.07,54.36,337.97,91.06,114.25,262.73,462.49,641.63,165.03,128.87,0,165.72,94.56,488.88,720.62,81.84,117.04,0,111.2,1270.54,105.93,356.66,158.45,61.67,257.36,278.63,549.57,57.54,158.42,940.92,40.19,59.71,83.61,104.56,86.8,190.98,37.21,439.87,144.84,0,178.44,610.44,580.66,72.59,420.87,2798.51,96.39,70.1,159.17,0,47.93,285.4,121.06,0,121.34,1044.78,23.21,17.53,223.5,184.2,705.68,241.9,1538.5,249.93,0,1602.14,262.48,723.01,122.2,1241.55,1223.09,197,881.12,165.69,2568.86,390.71,490.97,152.02,66.82,163.79,67.35,152.72,443.78,94.56,0,947.69,238.77,269.34,369.73,615.43,3126.46,9190,286.6,268.58,228.65,280.6,790.61,461.81,44537.81,4552.91,19316.28,303.36,207.7,83.93,292.42,380.48,1111.84,3636.49,845.74,263.21,2362.19,1157.57
S6T0,WT,0,270.03,154.27,167.38,897.32,163.22,268.97,5820.84,285.37,127.33,265.6,279.43,155.91,361.44,142.19,1100.27,265.54,275.29,642.02,248.86,55.69,84.41,83.55,0,74.27,0,0,484.22,50.86,59.31,0,57.72,268.13,102.94,0,15.15,30.72,107.24,239.57,213.48,19.15,107.68,572.66,12.72,0,0,41.91,38,113.97,25.41,165.12,81.47,0,138.74,490.8,302.15,114.13,292.72,1933.73,78.47,55.66,88.36,0,18.07,192.47,76.9,0,133.52,776.76,37.46,21.57,228.97,113.35,493.86,208.32,1471.58,218.96,0,1056.67,176.95,427.74,126.77,828.91,947.6,166.51,638.88,126.22,1924.72,153.34,361.15,83.72,31.62,177.8,0,0,389.53,73.89,30.54,800.49,177.69,0,282.82,514.05,2496.94,6685.85,238.83,198.74,212.97,198.95,622.07,217.9,47012.25,3961.28,16744.67,382.71,283.58,110.08,358.13,103.04,1157.46,4008.61,703.63,369.86,1793.63,803.95
S6T1,WT,1,176.79,138.81,186.12,729.1,146.12,206.42,6907.52,230.5,207.66,204.65,230.53,141.24,261.46,96.18,744.14,183.27,252.88,607.76,400.58,374.81,184.67,373.9,22.88,268.45,139.98,913.49,1885.02,201.15,87.78,0,228.75,837.41,285.84,625.96,426.13,63.36,388.24,477.55,476.37,56.77,328.48,1606.37,33.18,122.9,98.24,197.16,101.1,259.86,89.44,503.41,339.55,0,471.84,2122.78,544.02,349.21,534.45,3757.18,121.84,115.48,226.1,0,36.95,932.95,380.83,0,0,1033.03,98.59,154.91,871.51,462.82,646.1,235.77,1765.5,309.79,257.4,1409.37,217.48,801.47,145.17,978.38,1527.55,274.94,867.82,154.61,2317.05,633.66,445.4,86.72,118.83,158.47,17.88,42.3,479.57,88.42,44.85,896.32,220.12,165.76,318.12,583.21,2786.87,7078.49,313.66,202.02,208.38,231.85,665.67,357.3,44282.25,4291.23,16594.59,412.01,225.86,86.85,286.9,209.18,1246.5,4499.04,829,392.52,2199.58,1027.69
S6T2,WT,2,208.73,157.97,194.59,638.99,148.26,185.65,5873.86,196.17,153.23,168.21,188.53,107.8,267.78,101,532.72,182.27,167.91,676.52,493.98,721.5,97.03,170.02,0,81.28,79.35,540.38,928.41,90.61,54.63,13.15,123.94,2310.36,70,484.72,343.26,0,137.81,444.63,1013.59,117.62,131.87,1337.77,92.36,121.2,101.79,185.16,105.39,263.48,76.33,512.9,124.44,0,161.7,632.55,542.39,118.53,446.43,2763.24,133.88,80.27,103.52,0,117.86,406.85,166.09,0,278.43,2056.61,41.02,49.91,309.81,260.8,1228.29,591.77,4049.55,600.69,265.99,3991.23,601.63,690.58,276.44,2298.34,5208.75,951.32,2148.21,361.57,6558.46,642.17,1214.79,274.9,123.57,425.7,108.09,592.33,1264.32,224.25,152.98,2283.85,532.2,811.53,605.29,1273.75,5995.05,20226.23,543.44,414.16,284.11,1431.42,1736.73,751.76,65547.31,6831.59,25916.69,105.53,58.99,15.78,486.27,658.4,2199.19,5909.98,1854.97,1043.77,3033.18,1605.93
S6T3,WT,3,78.04,213.18,93.05,420.19,108.68,95.57,3569.55,118.67,107.23,111.58,110.94,75.36,135.44,53.8,369.91,105.09,109.62,277.45,477.73,650.98,149.58,119.89,0,198.61,94.67,468.99,745.63,68.44,132.43,0,106.3,1236.7,105.1,333.53,156.47,78.44,270.73,294.11,542.06,67.64,193.93,954.09,38.35,80.75,43.5,110.44,76.87,185.24,59.45,414.11,112.54,0,199.19,604.03,628.49,0,421.37,2766.12,109.62,86.67,172.23,0,66.74,288.97,128.79,0,137.31,1002.98,24.64,37.95,231.23,211.4,731.59,214.34,1479.05,262.34,167.62,1564.54,252.71,739.94,145.96,1153.43,0,210.64,784.5,156.15,2587.08,382.04,482.02,120.81,83.59,142.97,72.42,182.1,456.04,95.4,0,971.21,252.17,313.54,348.14,672.03,3313.27,9541.55,289.68,237.79,200.97,374.79,828.04,432.06,46101.5,4739.89,19070.69,287.5,218.03,78.54,267.57,364.2,1111.21,3868.38,836.7,271.02,2614.33,1355.96
S7T0,WT,0,247.82,176.06,208.24,967.92,159.39,282.9,7053.16,302.9,139.5,278.34,282.18,171.12,286.7,134.41,1195.89,258.19,234.71,925.22,280.01,39.53,371.6,79.19,59.66,433.62,0,74.71,453.53,69.25,339.34,0,59.52,2279.07,306.56,0,97.07,98.62,683.28,160.77,227.57,26.91,541.13,2013.61,0,62.21,76.41,151.22,53.29,204.78,50.56,419.92,340.1,0,391.61,1759.08,1024.73,295.45,755.47,4951.27,195.62,126.9,129.02,0,23.92,631.89,310.12,0,133.9,900.87,104.59,95.91,538.62,412.14,620,240.42,1636.31,308.44,717.67,1064.97,171.66,559.69,155.03,1117.18,5488.7,975.99,645.2,109.63,2274.48,962.8,542.5,118.38,163.87,168.69,0,0,450.93,91.39,96.36,864.02,183.23,0,332.32,578.57,3157.7,8115.91,294.32,225.58,214.08,413.93,612.25,399.87,46398.06,4388.3,18484.84,408.12,273.45,79.9,310.25,167.44,1339.9,4736.67,751.95,734.1,2327.88,1093.32
S7T1,WT,1,176.51,108.79,150.15,765.14,140.75,215.2,6848.23,203.84,172.98,214.83,233.76,136.21,168.92,100.74,789.17,201.25,198.94,602.78,383.87,341.24,245.1,338.38,33.95,314.16,117.94,811.54,1639,166.79,220.74,0,181.63,809.58,382.24,555.93,367.94,91.52,522.34,428.83,483.98,51.11,485.23,1578.94,27.2,89.74,103.25,150.85,97.86,214.02,72.02,412.53,355.75,0,447.74,2778.38,688.92,377.86,675.77,4704.14,178.35,124.81,188.93,0,43.97,1091.85,360.72,0,133.66,927.06,100.86,186.97,1148.71,496.06,689.21,277.33,1830.5,307.04,365.52,1221.96,228.04,832.89,163.5,1298.03,1678.83,312.02,679.86,126.21,2632.79,1216.02,477.37,97,223.95,205.16,0,55.66,550.04,107.47,42.23,1022.4,213.8,153.66,334.07,610.88,3266.96,9608.19,309.57,224.14,221.02,365.31,685.56,425.53,43269.38,4634.18,15894.09,357.32,201.39,58.42,297.52,186.31,1362.09,4573.38,679.78,421.65,2472.39,1200.77
S7T2,WT,2,175.78,142.11,140.97,579.41,119.11,175.81,5590.02,155.84,169.18,156.23,177.3,107.49,205.04,85.17,585.08,157.41,156.08,649.09,501,676.1,37.25,155.08,0,0,82.22,533.09,812.94,88.43,40.15,0,89.47,2020.63,0,495.85,344.12,0,88.72,472.5,1024.81,133.25,76.24,839.43,90.25,91.47,113.31,133.89,91.94,251.96,54.85,441.63,98.1,0,58.65,516.54,461.33,76.46,356.73,2284.69,92.13,55.58,119.75,0,114.19,239.84,127.41,0,246.58,1925.98,24.36,20.94,180.8,210.24,1101.69,549.06,3588.43,523.22,186.95,2829.02,451.4,679.82,253.05,2021.48,4481.77,716.92,1627.86,272.28,5532.02,418.2,1058.24,238.57,68.82,369.59,83.32,495.17,1125.5,240.99,123.31,1891.51,402.07,815.24,559.05,1118.8,5435.96,15778.2,520.37,344.92,286.35,1190.29,1692.96,687.3,56111.44,6762.71,21344.98,136.75,101.43,9.98,428.55,507.74,1947.18,5934.41,1359.75,748.43,2983.37,1371.1
S7T3,WT,3,98.94,116.14,55.62,369.82,65.83,99.19,3444.65,118.05,97.72,89.9,111.37,47.46,102.04,67.81,345.72,89.06,70.84,252.91,471.9,629.38,84.67,137.14,0,74.59,104.34,430.84,728.75,81.94,80.22,0,109.81,977.33,74.43,352.04,149.89,0,147.53,284.18,512.59,62.64,149.39,773.62,39.04,50.45,63.05,90.89,86.96,217.67,72.23,397.54,125.21,0,166.75,729.33,599.12,102.96,494.76,3325.54,109.28,88.14,155.2,0,39.81,306.62,164.34,0,110.68,838.1,36.25,22.83,267.65,134.78,579.52,207.96,1460.03,191.56,144.03,1310.5,246.26,690.64,121.98,1047.66,1094.42,203.84,642.47,107.51,2344.12,362.14,458.48,98.85,51.89,111.73,58.49,170.35,399.5,73.49,0,842.98,211.32,213.25,324.83,615.61,2979.88,8462.77,277.75,211.71,198.09,203.64,798.93,415.99,39947.56,4013.94,14689.88,328.65,232.88,96.24,257.99,235.94,956.65,3507.13,577.69,196.38,2329.93,1049.05
S8T0,WT,0,260.63,138.78,200.32,929.8,170.45,304,5701.07,327.95,125.79,287.3,292.42,172.89,306.99,124.88,1135.14,276.47,238.42,910.81,299.29,56.38,378.13,84.78,47.82,440.22,0,77.4,411.9,52.88,329.11,0,59.56,2242.38,330.34,263.13,100.62,97.48,690.63,200.87,239.22,18.67,519.25,2024.91,0,92.5,85.99,159.97,62.46,219.69,62.48,415.18,301.31,0,437.34,1673.66,1001.19,297.8,683.72,4653.59,197.19,123.7,140.25,0,14.16,636.98,324.19,0,143.33,858.21,85.49,66.9,497.55,406.38,569.95,204.71,1428.77,269.23,714.68,1160.22,197.52,593.88,130.38,1145.52,5320.47,913.53,742.85,137.34,2151.36,921.91,551.13,121.9,162.34,141.04,17.64,0,415.82,84.55,116.21,853.17,183.35,0,304.99,563.15,2939.88,8046.57,283.06,234.04,193.19,310.52,641.3,380.95,46779.44,4635.66,18408.63,376.42,256.56,83.93,322.58,161.9,1282.08,4746.12,754.97,744.04,2218.41,1128.98
S8T1,WT,1,181.93,131.42,138.59,759.62,131.79,191.71,6948.61,206.55,192.22,203.99,233.29,110.72,178.22,101.89,790.53,187.02,225.87,593.13,366.21,371.14,254.07,316.01,39.18,318.11,112.53,899.46,1670.97,171.39,267.03,0,195.99,340.31,337.54,527.11,388.15,63.7,575.52,394.28,528.8,58.18,144.89,1637.21,36.94,68.63,90.65,116.35,70.2,206.32,81.33,422.09,364.64,0,423.41,2624.6,683.01,376.41,671.49,4817.96,190.65,116.78,208.81,0,39.95,1078.01,426.34,0,125.03,934.78,111.54,178.75,1068.18,483.44,635.77,290.5,1966.29,301.88,142.32,1290.79,209.47,881.48,146.63,1287.36,0,237.99,717.34,136.95,2672.35,1226.22,495.46,116.83,199.86,181.54,22.42,48.02,497.34,101.21,51.56,940.52,223.35,168.02,337.2,655.33,3355.5,9342.2,286.85,242.25,206.09,279.85,637.99,452.14,46079.19,4652.25,15595.69,389.27,248.57,63.67,314.72,191.35,1326.45,4567.31,651.85,392.58,2486.84,1164.86
S8T2,WT,2,178.06,172.65,145.99,617.5,163.58,158.61,5777.4,172.02,142.33,163.55,190.43,91.14,220.34,97.5,679.75,159.1,182.34,648.87,463.76,748.37,0,128.12,0,73.92,86.6,556.64,882.56,74.83,37.91,0,100.81,2174.84,0,463.28,363.32,39.24,100.99,480.31,1001.98,123.05,105.29,1207.51,73.69,89.07,106.64,136.94,103.09,227.43,70.56,480.69,95.35,0,0,460.71,445.58,60.57,364.09,2297.69,91.94,48.57,128.15,0,89.88,215.38,112.82,0,260.97,1813.63,28.09,0,176.07,230.36,1030.76,498.3,3444.96,487.08,205.09,2944.2,443.99,623.9,264.36,1961.35,4254.16,738.07,1698.66,279.99,5822.61,380.09,1055.54,215.07,68.03,364.52,87.52,482.69,1070.56,198.29,93.42,1895.51,424.04,735.77,511.6,1134.51,5274.98,15902,482.16,392.15,283.14,1434.44,1608.34,674.46,55930.31,6246.85,20648.45,157.38,81.6,17.2,406.16,476.57,2018.89,5745.85,1395.86,768.51,2847.96,1323.06
S8T3,WT,3,111.58,214.14,89.44,339.81,104.63,95.21,3454.4,106.4,92.14,95.51,69.49,54.88,108.56,52.33,353.8,107.45,62.95,237.61,431.78,578.48,100.84,122.14,0,97.84,84.93,393.21,730.86,67.44,59.89,0,92.58,1072.23,0,323.16,132.11,0,156.21,291.95,491.6,73.01,185.61,997.45,34.72,60.83,70.91,81.54,63.99,187.86,62.42,407.19,148.73,0,158.23,765.91,564.79,101.85,506.35,3210.46,111.16,70.07,140.05,0,43.85,292.86,131.64,0,112.94,879.51,0,41.54,238.89,144.18,599.21,186.5,1382.09,187.42,131.7,1147.26,190.36,696.33,108.12,979.85,1152.32,189.27,533.37,72.83,2271.3,344.79,425.39,112.74,67.06,142.53,59.72,154.32,423.9,80.39,0,836.46,195.22,208.67,285.72,624.52,2950.48,7964.37,257.48,253.19,239.54,267.63,824.53,360.39,40434.28,4052.43,15221.35,367.4,231.1,87.61,287.91,219.73,1104.75,3565.77,610.84,178.72,2324.8,1095.38
S9T0,WT,0,218.95,159.19,192.49,989.48,167.33,270.61,5635.79,280.99,125.86,282.26,247.13,170.06,288.1,120.86,1244.75,246.36,263.78,940.23,243.32,0,356.06,83.03,65.7,485.61,0,91.37,436.09,46.77,338.12,0,55.77,2194.18,310.38,0,86.96,121.87,747.57,192.18,241,29.11,525.76,1909.59,13.34,76.32,96.85,133.05,68.11,239.15,57.7,399.62,302.38,0,362.59,1599.82,1039.11,299.69,734.89,4912.1,171.95,132.87,132.92,0,10.86,618.56,286.87,0,147.04,880.49,76.57,95.04,612.22,428.14,559.12,231.44,1650.83,280.04,652.24,1104.34,185.67,594.84,118.23,1199.9,5448.14,863.8,622.85,107.65,2225.56,929.29,496.23,114.92,150.14,154.43,0,0,402.65,86.97,109.73,905.85,172.09,0,346.01,550.64,3028.55,8136.3,261.36,231.1,229.34,300.2,581.72,361.94,46835.5,4293.42,16286.2,401.29,254.96,81.53,354.67,158.76,1287.23,4498.97,683.18,700.25,2355.75,1148.28
S9T1,WT,1,176.24,102.17,131.44,781.37,112.88,222.76,6875.05,229.13,191.66,244,237.66,143.16,132.67,97.66,802.99,213.34,227.35,579.73,372.28,395.88,223.63,342.72,39.94,312.02,105.68,801.14,1613.93,165.35,230.88,0,196.53,825.12,350.25,589.25,405.61,73.78,510.06,403.75,488.01,62.57,465.53,1521.34,43.96,86.82,76.04,106.46,91.66,202.87,56.17,407.74,389.41,0,452.37,2513.55,697.65,414.05,667.63,4509.68,167.34,131.38,220.73,0,54.98,1098.34,386.06,0,139.59,920.34,116.62,166.43,987.55,480.1,661.17,248.83,1764.53,265.42,292.84,1260.62,209.14,871.86,146.02,1336.56,1645.82,282.14,760.69,156.23,2692.56,1197.36,460.78,136.12,218.12,192.87,0,39.49,539.45,87.63,30.58,981.41,222.97,161.05,334.47,610.34,3116.17,8861.81,296.57,231.04,216.11,267.83,708.67,447.2,43006.69,4675.52,17971.86,390.21,224.1,95.51,331.34,206.28,1285.4,4742.96,696.75,435.25,2445.39,1163.27
S9T2,WT,2,200.29,137.67,145.89,606.77,142.58,180.5,5491.02,178.48,164.23,168.87,174.65,101.18,234.75,91.56,603.85,172.25,142.6,633.89,451.81,720.83,30.75,159.05,0,52.65,72.73,554.69,800.18,96.23,46.96,0,98.46,2138.43,0,495.52,334.63,40.52,91.85,473.21,1052.97,130.37,88.2,519.59,109.28,98.48,116.26,149.35,83.07,258.46,53.71,431.14,104.19,0,124.64,576.83,469.06,82.04,352.68,2302.65,97.88,66.31,107.58,0,110.28,250.75,114.12,0,269.93,1891.07,31.51,0,198.96,183.38,1038.28,530.86,3531.3,458.95,258.16,3156.84,431.33,721.34,228.32,2060.73,4242.03,718.68,1579.07,262.1,5907.41,383.94,1016,238.47,84,412.55,88.33,497.98,1168.08,201.1,100.22,1962.67,424.19,769.82,561.93,1091.76,5342.84,15730.67,477.03,357.71,282.54,1335.14,1661.71,706.28,57295.22,6542.48,19507.89,145.74,95.13,7.25,403.3,447.52,2084.33,5705.22,1250.5,722,2996.66,1364.09
S9T3,WT,3,112.77,211.04,93.38,386.24,85.38,90.87,3369.81,97.92,85.39,103.74,131.76,71.51,61.57,52.49,308.56,92.74,73.93,237.05,438.15,621.88,76.02,153.1,0,91.58,103.81,393.66,758.85,66.84,53.71,0,112.83,934.07,0,346.92,114.36,37.55,0,81.78,473.88,79.61,175.72,906.41,42.54,63.83,51.05,81.87,74.21,227.25,35.54,325.39,157.69,0,128.3,759.76,607.99,92.75,514,3314.03,112.36,96.66,97.95,0,38.59,298.73,138.2,0,128.29,860.04,24.52,42.29,280.2,144.54,603.34,221.89,1473.32,186.58,111.55,1230.71,189.86,696.14,105.82,1030.52,1104.26,176.47,645.85,99.94,2260.67,336.78,416.92,85.46,56.01,125.9,65.13,157.27,368.29,63.4,0,825.55,204,221.3,299.93,607.58,3019.88,8296.08,282.22,233.36,225.99,291.87,812.43,321.18,42196.34,3909.06,14154.67,378.86,229.56,80.44,269.08,258.9,1059.22,3557.51,556.13,175.25,2327.78,1082.86
S10T0,MT,0,140.23,120.1,102.94,289.67,80.53,112.55,2665.74,105.5,40.16,85.17,93.98,55.14,64.38,54.9,295.52,84.37,99.51,453.63,336.15,0,323.65,354.57,46.33,412.9,62.61,0,1931.9,195.97,390.47,0,111.84,353.81,0,0,0,80.15,605.41,314.62,339.41,49.01,0,0,22.19,0,0,0,0,0,0,71.08,0,94.71,0,0,0,0,59.5,29.64,0,0,467.93,0,33.1,0,0,0,160.17,1142.83,0,0,9.11,0,665.78,286.53,1828.72,321.37,0,1311.72,211.17,324.38,184.86,989.91,0,0,824.47,134.88,2269.06,0,405.52,109.65,0,142.44,0,0,497.89,105.91,0,875.84,190.65,6.74,313.95,673.83,2929.85,8732.55,268.96,232.56,227.23,343.33,644.68,329.71,44509.22,4092.64,20291.39,336.9,277.7,86.98,339.12,91.8,1148.44,3797.68,842.19,329.87,2875.74,1246.79
S10T1,MT,1,157.38,69.85,67.11,359.43,84.3,112,3156.15,147.92,208.59,118.48,130.44,56.03,84.65,51.14,413.9,105.59,98.56,228.39,553.47,91.08,594.15,181.79,92.65,755.57,0,0,876.48,107.05,661.85,127.26,70.11,767.47,0,0,0,126.37,1114.78,347.93,560.55,71.19,0,192.89,36.04,0,0,0,0,0,0,75.69,21.59,206.5,0,0,0,0,88.37,0,0,0,123.29,124.17,29.48,0,0,95.89,166.37,1100.94,0,0,0,0,680.41,238.79,1630.68,262.39,0,1253.61,215.86,487.95,184.73,1052.24,0,0,770.16,139.74,2062.89,0,350.84,88.63,0,129.14,0,43.67,397.57,77.41,0,780.59,191.78,8.26,280.07,627.73,2552.83,7474.87,228.57,223.18,216.09,201,583.62,267.79,38353.41,3594.12,17127.19,384.08,291.4,115.45,266.88,121.24,973.29,3313.53,663.67,291.8,2422.71,1061.65
S10T2,MT,2,124.62,65.75,83.99,240.13,42.33,68.97,2172.25,70.26,98.6,80.29,56.11,54.96,84.68,0,243.08,65.17,91.11,239.3,671.26,0,804.48,162.64,106.89,967.36,62.43,139.8,1016.68,122.62,793.06,68.84,140.73,3205.38,0,0,0,185.72,1458.21,417.86,581.57,75.51,0,0,61.59,0,0,0,6.39,0,0,52.11,0,249.78,0,0,0,0,58.9,0,0,0,150.69,90.03,43.76,2.38,0,41.96,85.22,758.38,0,0,11.89,69.37,472.14,117.8,983.19,169.15,0,769,96.5,547.9,104.47,640.39,0,0,388.34,63.61,1009.16,0,164.91,60.93,0,59.55,0,98.34,219.3,33.37,0,359.45,91.38,0,154.66,342.2,1329.34,6765.48,122.7,127.43,143.72,48.32,292.03,118.22,23239.03,2003.66,10022.63,446.31,391.02,194.26,164.17,106.72,643.88,2118.39,357.4,113.02,1548.66,566.37
S10T3,MT,3,114.34,92.68,86.86,294.74,62.04,81.16,2553.57,99.84,101.5,95.24,81.63,0,78.03,0,284.27,79.21,107.12,247.88,838.18,66.75,713.25,42.67,79.27,911.11,49.08,0,164.69,24.66,787.05,27.55,0,1642.63,0,0,0,170.14,1397.34,314.72,676.28,68.91,0,126.85,57.51,0,0,0,0,15.24,0,69.1,0,204.04,0,0,0,0,73.02,0,50.85,0,58.04,57.13,71.43,0,0,0,282.29,2043.31,0,0,0,0,1275.44,504.5,3817.42,603.96,0,3396.13,547.71,489.29,290.93,2357.12,0,0,1907.93,316.23,5765.97,0,1048.84,217.42,0,343.13,38.12,135.86,1191.97,223.86,0,2078.74,447.52,0,659.36,1727.99,5780.4,18665.98,561,512.41,347.12,1582.63,1701.01,757.88,58495.81,5918.91,24669.09,99.84,96.68,26.92,439.34,585.61,1652.69,4965.94,1493.14,657.74,4158.44,1676.01
S11T0,MT,0,147.23,121.22,110.09,314.71,73.74,93.07,2767.71,99.54,0,93.97,102.69,62.47,0,0,268.08,82.18,113.9,467.37,358.63,38.44,275.31,335.27,38.61,380.51,57.13,155.77,1922.65,203.33,306.26,0,83.03,185.23,0,0,0,90.02,595.15,316.11,289.03,34.54,0,0,40.21,6.59,0,0,0,0,0,0,0,73.93,0,0,0,0,60.38,18.64,0,19.44,531.35,0,48.78,0,0,0,162.45,1144.67,0,0,0,67.22,721.65,252.26,1724.36,310.92,0,1255.66,205.02,335.44,170.52,1079.9,0,0,804.99,162.04,2404.68,0,399.49,89.16,0,152.93,0,0,514.76,114.16,0,856.36,204.89,0,299.34,750.62,2851.66,8580.95,256.38,291.08,227.67,355.5,575.85,353.06,42818.53,3874.94,20210.25,327.55,252.19,93.3,286.45,97.55,1055.53,3408.15,853.72,269.33,2895.89,1313.55
S11T1,MT,1,165.29,70.04,98.61,338.43,97.78,114.11,3153.75,125.61,197.12,103.86,100.17,68.89,63.46,57.8,457.47,88.94,125.38,227.24,601.74,84.96,581.18,172.8,85.38,711.1,67.84,0,809.67,86.44,605.27,94.85,62.59,744.1,0,0,0,139.53,1092.41,330.33,549.34,63.54,0,195.45,42.73,0,0,0,0,0,0,90.72,0,177.82,0,0,0,0,95.17,28.12,0,0,121.87,129.71,0,0,13.25,84.62,147.6,1021.2,0,0,0,0,662.08,217.91,1655.85,290.75,54.28,1235.63,222.57,515.62,188.46,1085.23,0,0,731,126.76,1951.89,0,392.5,110.6,0,119.07,0,41.5,428.16,102.6,0,843.82,177.84,0,272.04,666.69,2563.77,7301.19,257.15,231.72,207.8,242.94,603.3,324.84,39045.63,3514.19,16263.23,327.01,263.17,122.86,203.86,159.32,1017.83,3163.41,665.11,322.11,2470.9,1032.51
S11T2,MT,2,125.85,76.06,77.91,203.29,58,67.45,2127.4,93.1,94.93,72.17,70.87,53.51,74.12,0,231.17,68.65,83.98,226.71,690.99,0,845.79,183.12,111.72,1063.61,64.58,0,977.87,118.13,743.72,79.74,115.04,3129.73,35.46,0,0,212.28,1455.9,420.88,606.26,57.82,0,0,44.05,0,0,0,0,19.01,6.62,63.51,0,227.62,0,0,0,0,35.39,26.87,0,0,191.72,105.06,47.99,0,0,37.19,102.13,720.95,0,8.57,0,0,456.41,148.05,886.01,152.46,0,626.25,99.83,642.59,97.81,579.85,0,0,361.41,72.01,972.22,0,168.65,42.85,0,59.99,22.51,110.74,191.26,32.14,0,385.35,94.84,0,139.93,331.05,1466.95,6151.11,109.66,142.78,154.17,50.78,326.23,165.12,24986.47,1957.34,11268.23,474.91,377.36,172.53,120.47,118.17,676.45,2110.49,232.35,125.73,1582.3,667.44
S11T3,MT,3,128.41,91.89,100.75,264.08,79.33,81.35,2448.13,93.08,128.98,96.63,86.37,39.36,68.41,26.66,275.72,66.88,93.49,218.6,796.52,0,818.83,33.73,98.08,865.34,0,0,197.3,24.19,775.86,0,21.12,1614.6,0,0,0,163.51,1325,314.61,671.34,75,0,0,48.85,0,0,0,0,0,0,60.83,0,211.99,0,0,0,0,53.39,0,0,0,0,66.73,82.91,0,0,0,304.72,1905.09,0,0,0,0,1210.26,533.45,3757.95,549.31,0,3512.37,547.26,467.51,308.51,2241.79,0,0,1903.96,345.64,5789.36,0,1038.12,244.26,0,334.69,37.64,122.32,1211.71,215.27,0,1937.28,434.65,0,600.01,1384.79,5614.51,19058.38,585.3,474.21,329.05,1751.8,1675.15,825.25,58811.94,5691.04,25474.62,124.41,102.36,8.73,430.62,645.4,1608.94,5076.6,1521.63,713,3403.18,1708.62
S12T0,MT,0,126.35,81.18,136.32,349.01,91.7,94.92,2908.16,91.68,88.02,77.64,70.47,56.7,85.1,49.28,320.84,64.8,120.88,478.68,347.91,46.52,280.95,514.54,37.1,347.99,58.64,34.61,2461.92,254.71,176.85,0,229.38,190.3,22.93,0,0,63.32,580.77,249.94,282.76,31.48,18.51,0,16.02,0,0,0,11.28,0,0,0,0,88.87,0,0,0,0,0,0,0,0,738.16,22.14,17.7,0,0,0,156.64,1246.76,0,0,0,0,776.4,301.05,1893.12,349.42,0,1349.23,217.72,395.71,182.77,1457.38,0,0,946.95,163.39,2760.12,6.9,552.06,129.39,0,176.12,0,0,560.25,96.79,0,1194.39,224.8,0,409.51,762.54,3634.82,10138.91,351.04,272.39,296.36,530.38,709.51,402.54,47347.31,4637.26,21851.02,331.77,246.01,73.87,348.14,99.35,1277.94,4272.08,955.52,420.74,2656.86,1382.78
S12T1,MT,1,139.75,73.14,92.56,365.76,82.39,94.97,3144.93,103.81,183.9,115.69,102.67,99.04,90.79,43.18,506.91,92.52,116.54,179.89,488.5,62.25,636.14,208.44,81.17,796.11,0,0,858.58,101.28,650.71,121.27,64.58,976.86,0,0,0,162.08,1184.25,337.63,563.75,70.56,0,0,38.03,9.83,0,0,0,0,0,0,0,184.33,0,0,0,0,79.01,0,0,0,257.2,106.93,30.13,8.03,14.42,62.82,134.23,971.25,0,0,0,0,616.5,247.29,1717.22,226.95,0,1294.4,209.2,576.28,149.74,1208.24,0,0,672.46,143.27,2240.9,0,465.66,108.02,0,152.4,13.59,25.25,468.51,90.86,0,963.54,235.11,0,352.71,613.85,3264.71,8609.42,276.71,240,251.53,301.18,681.39,364.47,44327.53,4451.99,17277.84,354.89,221.59,97.06,309.06,194.5,1115.25,3785.62,856.3,279.82,2424.1,1175.84
S12T2,MT,2,127.95,80.93,86.79,245.06,69.71,73.85,2286.32,68.54,114.14,95.04,69.06,47.83,58.06,31.73,324.74,77.21,75.76,306.62,820.07,68.02,849.47,212.56,82.74,1091.59,0,0,1180.79,111.53,774.96,85.21,147.82,2981.61,0,0,0,206.77,1529.71,458.68,632.31,68.07,0,0,40.25,0,0,0,0,17.95,0,137.84,0,257.34,0,0,0,0,104.14,0,0,20.11,195.43,106.16,41.19,0,0,46.21,97.28,812.42,0,0,32.96,0,481.24,121.69,1001.72,135.87,0,825.36,134.93,640.13,119.51,606.78,0,0,444.25,66.65,1048.75,7.54,195.82,42.77,0,57.44,16.32,138.44,224.7,53.95,0,384.72,106.19,5.37,150.47,253.07,1399.59,6630.2,135.61,111.99,138.6,71.54,332.04,175.02,24459.31,2043.34,11118.13,501.98,306.66,128.74,135.15,123.69,712.39,2281.91,311.37,138.92,1258.93,665.94
S12T3,MT,3,74.86,92.69,75.62,283.41,83.58,85.08,2223.16,75.39,81.96,72.48,73.99,40.21,58.85,34.46,344.77,57.88,59.44,244.56,961.63,72.49,843.93,37.12,89.13,1013.92,63.65,0,202.05,21.9,704.88,29.34,34.62,1655.96,0,0,0,217.67,1590.03,300.39,643.34,68.97,45.04,37.11,49.76,7.98,35.46,0,0,0,15.5,166.64,0,213.44,0,0,0,0,205.32,0,0,34.38,53.04,59.98,80.21,15.2,0,20.56,243.76,1822.06,0,0,0,0,1030.73,445.96,3296.04,578.03,0,3128.13,512.65,438.97,271.59,1926.53,0,0,1826.89,294.15,5173.54,0,959.25,220.24,0,320.53,33.63,135.71,1116.15,218.86,0,1889.77,436.64,4.34,603.92,1192.38,5836.62,18612.52,506.15,373.95,334.44,1711.46,1653.22,840.18,54773.94,6452.61,23300.2,157.15,82.88,22.19,510.39,554.5,1523.25,5042.18,1444.69,554.22,3297.85,1543.93
S13T0,MT,0,124.92,110.68,144.39,327.8,77.86,82.15,2888.81,109.33,89.63,94.63,85.96,45.83,62.47,51.05,337.22,89.92,107.98,480.88,344.03,56.58,242.49,535.74,0,333.23,0,191.76,2481.12,249.46,260.36,0,228.86,206.98,0,0,0,68.52,546.46,285.09,281.76,32.72,0,82.39,28.42,0,0,0,0,0,0,55.57,0,64.49,0,0,0,0,57.22,15.24,0,0,670.01,25.08,25.84,0,0,0,176.94,1264.88,0,3.12,0,32.32,795.18,295.58,1888.81,364.41,0,1441.27,252.49,374.25,172.07,1361.66,0,8.33,872.83,204,2847.36,0,522,129.53,0,199.8,0,12.06,560.03,109.27,0,1118.8,260.39,0,359.63,690.61,3468.6,10569.37,340.18,271.07,263.65,478.74,717.66,444.19,48316.18,4659.59,20764.49,314.4,202.1,77.91,331.24,105.35,1227.59,4196.81,891.86,381.44,2666.08,1383.55
S13T1,MT,1,155.12,66.84,65.27,354.82,65.56,103.22,3034.12,105.22,188.38,79.63,104.77,62.64,65.32,44.97,457.95,99.07,122.75,164.47,547.36,43.26,636.1,152.32,85.26,787.61,46.68,0,794.31,92.37,559.43,110.17,68.73,908.16,0,0,0,154.85,1111.77,322.27,526.48,69.71,0,0,39.96,0,0,0,8.34,8.9,0,0,0,131.05,0,0,0,0,55.82,0,0,0,195.4,70.91,46.13,0,0,63.54,108.26,911.35,0,0,0,60.25,596.83,235.93,1574.24,224.69,0,1242.3,206.38,511.78,126.92,1240.67,0,0,755.74,138.91,2268.3,23.13,421.42,103.34,0,141.05,0,54,488.99,107.76,0,955.61,225.4,0,349.58,638.48,3402.5,8954.48,289.73,256.2,237.43,395.4,698.11,374.48,42839,4506.56,19086.31,356.9,229.85,99.31,290.5,190.45,1123.54,3921.69,870.95,318.11,2325.03,1152.15
S13T2,MT,2,109.4,79.72,110.24,228.03,74.11,57.07,2353.13,88.59,111.72,86.98,68.76,31.6,77.85,43.75,331.74,80.07,67.57,295.19,829.85,77.11,910.16,198.68,98.17,1076,0,0,1163.04,119.1,749.8,78.27,157.22,2979.44,0,0,0,201.61,1523.43,466.73,649.03,64.31,0,198.67,53.32,0,0,0,12.96,0,0,133.05,0,225.83,0,0,0,0,122.87,0,0,25.26,214.3,104.22,37.41,0,0,47.8,87.11,736.06,8.95,0,0,0,443.27,129.59,921.44,194.9,0,747.11,122.88,688.27,101.52,648.77,0,0,421.7,97.09,868.63,0,241.88,45.4,0,59.09,0,111.19,210.3,53.96,0,362.1,87.1,0,169.77,266.59,1454.77,6229.13,108.36,128.53,149.61,70.22,314.13,165.79,25797.61,2043.28,10488.48,574.5,338.45,140.95,169.4,118.48,631.69,2362.06,373.82,129.4,1265.14,681.37
S13T3,MT,3,86.88,92.89,94.26,263.83,82.9,79.48,2430.68,95.16,80.32,86.42,75.99,56.09,61.08,0,368.65,65.17,66.06,245.3,902.22,82.18,818.17,46.96,88.89,996.75,0,0,222.12,38.87,784,23.45,0,1578.96,0,0,0,192.38,1617.89,328.1,648.47,68.62,0,0,51.56,0,0,0,0,0,11.46,191.58,0,247.2,0,0,0,0,200.09,0,0,34.64,54.11,0,78.78,0,0,25.53,251.49,1939.17,0,0,0,0,999.6,420.77,3102.18,565.89,0,3153.41,491.33,522.39,285.22,2013,0,0,1779.68,274.75,4882.08,0,932.15,214.73,0,331.98,47.09,155.03,1154.49,216.67,0,1827.83,416.06,0,584.29,1115.44,5671.02,17399.23,548.97,381.99,306.82,1561.57,1683.36,836.8,52451.47,6456.97,22983.23,165.21,123.23,9.79,428.87,536.27,1412.42,4694.04,1403.7,551.44,3086.35,1464.56
S14T0,MT,0,145.57,93.5,136.48,300.57,90.53,94.9,2846.22,112.93,91.33,91.99,73.99,51.19,77.42,57.31,294.3,111.88,90.33,508.36,348.08,47.62,224.75,498.91,31.37,331.04,49.64,0,2374.56,254.41,263.49,0,231.52,182.17,0,0,0,69.71,554.19,255.95,298.58,50.28,0,0,0,0,0,0,0,0,0,67.86,0,82.74,0,0,0,0,0,0,38.75,0,662.86,0,20,0,17.85,0,176.17,1289.91,11.18,0,0,0,784.48,300.17,1969.47,340.88,32.15,1444.11,228.91,358.57,176.27,1402.36,0,0,908.67,159.9,2746.19,0,464.96,126.11,0,198.67,0,17.2,520.59,121.42,0,1151.94,230.96,0,386.9,727.42,3599.15,9728.98,286.66,240.67,280.03,472.48,664.21,427.29,47170.97,4589.4,21181.66,325.38,233.68,79.86,347.63,103.78,1190.93,3961.67,982.43,479.55,2597.03,1303.2
S14T1,MT,1,142,62.98,77.62,362.51,75.27,105.34,3116.22,102.3,180.19,102.28,106.81,67.54,94.98,43.23,490.88,99.41,106.77,172.75,543.45,0,641.1,148.86,73.22,811.29,0,0,898.7,103.52,586.27,105.15,66.53,929.89,0,0,0,146.12,1138.62,327.59,521.9,52.56,0,185.65,35.48,0,0,0,0,0,0,84.34,0,142.25,0,0,0,0,86.03,50.25,0,0,240.16,68.4,31.89,0,0,60.26,136.15,973.43,0,0,12.22,0,595.18,243.25,1693.8,299.1,0,1265.32,217.51,525.39,146.76,1139.27,0,0,796.14,125.85,2411.11,0,439.46,101.5,0,150.03,0,40.89,494.69,81.38,0,1001.65,243.28,0,375.71,628.28,3248.06,9310.43,295.22,227.77,266.59,406.86,655.79,401.04,45133.97,4387.31,19056.42,332.18,233.98,75.58,271.4,211.5,1172.22,3914.62,895.98,317.43,2556.46,1271.33
S14T2,MT,2,135.29,87.39,95.43,242.41,80.46,69.46,2334.3,83.43,111.23,84.38,74.19,45.07,54.2,52.96,352.73,65.97,77.26,272.97,811.72,55.46,824.46,229.25,99.83,1050.76,56.14,0,1197.01,125.61,804.66,76.29,148.76,3001.07,0,0,0,192.51,1481.47,406.35,635.4,66.74,0,0,45.59,0,0,0,0,0,0,142.58,0,202.7,0,0,0,0,149.08,62.25,0,0,224.25,81.52,34.9,0,0,34.92,0,776.2,22,0,0,0,456.31,127.18,920.17,180.46,0,704.9,107.83,666.19,97.61,579.01,0,0,436.79,79.25,1014.88,0,178.31,42.67,0,50.64,28.82,109.97,215.82,40.06,0,372.03,92.7,0,144.8,255.87,1453.57,6021.84,130.82,101.76,158.67,53.74,322.81,161.35,24791.05,2037.01,10952.33,523.91,336.55,176.37,140.79,103.41,630.89,2301.56,376.08,151.35,1390.13,750.59
S14T3,MT,3,83.08,98.32,60.3,282.21,81.88,82.5,2383.37,64.82,84.57,92.48,81.45,57.03,0,37.42,347.04,60.31,72,266.5,901.91,92.96,60.79,30.65,100.31,1026.17,0,0,197.47,0,750.73,29.26,36.59,1662.77,0,0,0,178.85,1542.8,307.21,619.39,77.39,0,0,51.9,0,0,0,0,0,0,192.66,0,185.44,0,0,0,0,194.82,0,0,0,55.11,0,66.19,8.64,0,0,245.33,1679.69,22.32,0,0,72.51,979.3,414.11,2790.06,543.43,0,3093.66,470.73,494.96,249.07,1981.76,0,0,1799.79,293.7,5023.38,0,1001.16,210.42,0,343.83,44.83,113.8,1053.06,226.37,0,1856.96,434.68,0,578.42,1108.72,5738.98,17707.95,573.06,355.48,314.17,1183.13,1675.3,846.16,54207.44,6588.65,23076.02,177.43,98.96,0,408.21,559.3,1460.75,4690.3,1402.41,565.05,2781.88,1406.46
S15T0,MT,0,116.95,84.59,135.98,280.17,92.77,98.08,2780.51,96.8,76.1,90.37,133.9,55.91,67.58,31.12,313.68,82.65,83.6,560.65,319.89,32,315.24,418.98,54.8,450.85,0,239.84,1977.06,191.65,341.02,0,182.87,349.81,0,0,0,99.43,672.33,246.13,275.54,30.38,0,0,19.57,1.93,0,0,0,0,0,0,0,63.04,0,0,0,0,0,15.28,0,0,665.37,0,16.14,0,0,0,161.45,1109.64,0,0,0,0,725.19,307.79,2078.9,323.14,0,1274.32,195.85,332.06,172.45,1394.22,0,0,893.19,153.65,2976.93,0,559.67,115.75,0,187.23,0,0,659.06,103.3,0,1110.92,259.38,0,436.64,804.48,3679.35,9808.69,372.96,282.94,255.24,487.2,743.41,483.85,48000.72,4706.5,19467.16,351.1,291.65,73.3,414.98,89.22,1216.49,4475.63,835.06,613.6,2692.55,1434.22
S15T1,MT,1,142.28,65.18,87.54,344.99,52.94,108.68,3194.23,114,208.46,111.47,144.91,63.85,60.71,41.07,438.64,93.44,94.33,222.92,553.76,0,591.38,198.44,88.85,893.71,63.46,81.95,940.06,88.75,694.28,112.68,65.76,416.06,0,0,0,163.91,1265.41,375.2,558.32,60.12,0,274.58,44.27,0,0,0,0,10.11,16.6,59.7,0,181.18,0,0,0,0,52.61,0,0,0,176.16,105.81,36.58,0,0,50.98,145.26,963.74,0,0,0,0,631.4,249.91,1682.54,257.86,0,1216.56,250.75,496.92,149.1,1176.22,0,0,565.77,120.78,2078.96,0,392.09,98.77,0,131.37,0,17.01,419.34,97.37,0,831.95,168.43,0,259.1,560.5,2802.34,6891.98,244.38,224.75,194.34,229.63,625.34,333.26,40563.91,3732.54,13418.5,389.67,279.24,101.71,304.9,151.9,986.72,3515.01,497.71,251.63,2398.06,1073.24
S15T2,MT,2,113.43,99.23,65.37,253.88,67.99,81.7,2517.05,103.49,115,76.57,92.15,50.5,59.88,79.04,320.6,61.86,88.5,268.15,808.85,0,1712.31,229.07,203.65,2238.07,41.29,0,1145.86,129.02,1737.8,95.63,128.94,4731.89,0,0,0,338.02,2965.32,372.39,558.95,70.71,0,0,41.42,0,0,0,0,0,8.41,78.9,0,438.7,0,0,0,0,95.23,0,0,9.95,226.01,152.23,44.93,0,0,36.82,109.81,594.97,0,0,0,0,423.18,194.07,1170.33,0,0,771.41,151.28,673.94,81.51,752.59,0,0,357.31,67.63,1385.67,0,333.44,53.9,0,96.89,34.7,212.3,254.48,56.7,0,572.72,137.95,0,267.04,508.7,2652.09,7134.54,246.16,179.81,201.78,256.53,330.78,260.34,32677.06,3204.21,13841.97,569.87,459.08,105.17,256.09,195.09,977.25,3527.5,498.13,207.08,2195.49,1101.01
S15T3,MT,3,118.26,36.94,92.04,273.4,84.21,105.63,2407.83,86.45,106.65,76.41,71.06,41.4,82.37,30.88,294.62,66.88,83.07,314.12,889.81,60.8,1138.42,38.74,149.74,1654.47,47.37,0,205.05,0,1415.75,0,25.98,2307.12,0,0,0,310.81,2347.66,331.11,624.32,93.15,0,0,50.41,0,0,0,0,0,6.91,0,0,318.54,0,0,0,0,127.61,0,0,0,52.44,101.83,93.48,0,0,0,252.53,1588.83,0,0,0,76.58,1001.06,576.91,3640.94,533.89,0,2971.11,459.62,493.99,262.91,2301.54,0,0,1478.46,244.17,5864.29,0,1221.58,252.73,0,312.38,42.74,83.24,1134.71,204.63,0,2170.22,466.62,0,663.44,1350,6678.71,22452.2,625.72,440.03,296.67,2523.61,1279.16,1010.24,59296.72,6699.14,29459.91,206.97,132.73,0,551.68,727.82,1964.19,5800.79,1720.12,1197.92,3680.62,1855.79
S16T0,MT,0,80.81,85.1,112.09,304.37,91.27,91.55,2672.14,104.99,91.91,96.95,96.17,51.5,60.71,47.87,326.49,91.87,89.35,563.75,334.36,0,329.26,383.86,0,420.99,55.49,0,2105.32,210.22,316.19,0,198.74,333.01,0,0,0,78.92,684,233.28,303.63,30.12,0,0,14.15,0,0,0,0,0,0,0,0,62.04,0,0,0,0,0,0,20.76,0,639.06,0,18.79,0,0,0,148.11,1123.39,0,0,9.44,0,684.42,315.01,2157.25,326.5,0,1462.65,221.32,324.31,155.94,1367.89,0,0,853.52,118.95,2980.71,0,534.57,149.3,0,168.67,0,4.33,618.02,148.6,0,1148.7,247.58,0,339.88,730.75,3751.21,10219.26,352.54,292.58,238.66,424.47,713.39,497.89,46285.47,4403.36,18043.16,375.22,255.69,75.99,365.88,108.1,1326.49,4349.96,816.52,555.97,2842.38,1421.19
S16T1,MT,1,146.03,80.49,58.9,325.89,69.54,82.02,3074.07,113.98,199.67,90.17,119.69,64.84,77.79,54.41,414.67,86.23,116.65,196.74,533.06,58.57,624.35,178.36,73.81,803.67,49.84,69.96,997.4,97.24,682.53,116.78,67.59,328.77,0,0,0,173.96,1278.12,330.33,561.31,72.04,0,0,45.77,0,0,0,0,0,12.24,61.99,0,188.8,0,0,0,0,0,0,0,0,162.43,97.08,45.66,0,0,63.24,144.99,909.53,0,0,0,0,614.98,208.21,1540.02,232.94,100.92,1138.69,191.32,512.47,160.83,1183.03,0,0,578.67,120.59,2047.19,0,351.85,64.44,0,118.58,0,41.75,410.96,97.32,0,845.5,172.77,6.61,307.65,576.26,2895.17,7409.56,266.25,234.21,234.81,247.63,593.22,308.67,37720.16,3633.72,14558.62,381.68,315.81,91.75,270.44,127.94,1010.66,3418.69,558.43,241.61,2240.22,1099.64
S16T2,MT,2,130.52,95.17,92.35,292.93,77.13,105.9,2407.02,76.59,115.16,76.2,0,37.89,78.9,57.47,306.81,59.66,80.93,254.76,910.68,57.44,1817.35,212.97,220.64,2133.99,51.33,0,1143.35,129.36,1794.11,75.91,123.62,4762.34,0,0,0,341.27,2949.52,390.88,553.77,46.58,0,353.28,37.01,11.78,34.62,0,13.37,0,0,0,0,452.69,0,0,25.71,0,72.48,0,64.48,0,233.44,170.75,45.16,0,0,33.03,111.39,588.2,0,0,11.68,0,388.39,146.66,1076.47,0,0,738.67,113.47,694.48,78.38,772.51,0,0,316.05,77.99,1376.67,9.98,311.29,62.34,0,75.18,0,218.65,236.02,49.9,0,568.49,158.64,0,231.12,520.96,2568.69,6974.47,220.44,208.1,194.01,269.45,340.34,334.15,33906.59,3206.95,14890.79,562.64,385.1,96.36,249.88,177.83,999.35,3647.85,489.81,213.77,2258.03,1093.63
S16T3,MT,3,103.4,115.22,72.92,292.98,85.27,90.99,2268.28,71.17,109.52,100.45,73.51,0,57.87,51.05,333.49,84.41,60.65,313.55,853.14,68.61,1149.73,35.34,151.54,1611.03,0,43.39,228.77,0,1386.75,0,38.13,2146.97,0,0,0,258.84,2355.49,326.85,638.07,74.31,0,0,46.48,0,0,0,0,0,0,77.66,0,275.5,0,0,0,0,118.97,0,90.69,0,72.24,114.9,95.99,0,0,0,250.33,1600.95,0,0,0,0,991.94,456.03,3479.05,528.29,0,2981.53,488.14,476.51,233.58,2193.55,0,0,1571.92,294.6,6061.49,19.42,1181.21,243.57,0,336.35,56.73,227.8,1079.71,180.45,0,2112.88,481.93,0,687.9,1415.81,6500.8,21816.86,641.83,421.87,315.51,2112.17,1409.3,1085,57480.22,6325.41,25973.35,209.36,151.66,0,465.21,703.75,1881.58,5170.54,1575.24,1096.27,3273.49,1795.62
S17T0,MT,0,79.58,113.47,132.84,317.8,93.18,75.7,2761.02,121.66,91.25,97.8,101.17,0,85.83,0,293.37,79.15,78.03,497.54,325.62,0,328.29,411.62,40.28,387.03,64.61,0,1921.52,212.77,329.58,0,223.61,336.76,0,30.6,0,89.3,561.03,165.21,250.56,23.42,0,0,23.17,8.75,19.05,0,0,0,0,0,0,48.7,0,0,4.49,0,0,0,0,0,536.7,0,21.87,8.14,0,0,185.44,1186.14,11.68,0,11.34,0,861.92,366.87,2342.53,411.38,0,1693.12,248.89,378.72,196.05,1754.44,0,0,841.9,190.52,3409.45,0,618.54,135.96,0,193.15,0,5.16,702.36,138.28,0,1263.96,263.86,0,394.98,806.22,4094.2,11853.54,394.94,286.72,253.72,601.86,835.25,483.62,50157.59,4946.41,17753.02,310.53,173.82,35.14,469.38,126.53,1318.04,4429.11,878.07,549.32,2875.79,1436.46
S17T1,MT,1,168,65.32,97.12,318.16,83.68,109.98,3124.75,121.5,178.91,99.45,123.25,62.88,89.34,36.04,599.82,105.57,97.86,158.42,507.89,56.25,656.97,149.88,72.59,749.53,51.48,0,721.44,86.91,563.72,99.65,55.37,317.78,0,0,0,125.51,1003.89,300.62,493.7,58.62,0,0,32.22,0,0,0,0,0,0,117.26,0,162.21,0,0,0,0,91.6,0,0,4.44,151.97,98.25,37.92,0,23.03,53.67,119.49,906.3,0,0,0,0,524.86,221.66,1466.16,236.14,0,1055.27,143.43,525.03,143.17,959.74,0,0,515.43,103.3,1743.92,0,323.64,79.62,0,99.72,15.23,42.42,408.03,77.03,0,666.19,168.51,0,253.61,492.47,2643.54,6928.15,242.04,193.16,198.92,114.12,536.69,349.73,38287.03,3224.01,12151.43,418.63,286.68,106.11,285.81,119.66,921.61,3277.96,481.63,190.85,2021.47,1044.49
S17T2,MT,2,109.35,53.29,80.71,205.93,57.01,50.27,2207.27,82.81,110.19,80.87,79.78,0,78.91,52.32,236.2,56.44,53.87,254.47,734.38,54.3,693.85,182.72,81.52,920.14,39.57,0,968.59,99.78,633.74,66.94,126.09,2429.48,0,0,30.14,171.94,1288.04,433.72,646.77,82.79,0,0,45.1,0,0,0,0,12.07,0,50.4,0,171.72,0,0,0,0,33.64,0,32.9,0,180.14,71.63,42.65,0,0,26.84,109.79,796.21,0,0,0,22.34,543,198.73,1249.29,198.6,0,933.32,169.29,575.63,123.35,907.1,0,0,531.8,85.29,1742.47,0,335.06,70.12,0,105.22,21,186.33,381.97,68.29,0,696.82,184.34,0,233.59,471.31,2480.79,5892.87,195.72,173.47,211.25,160.89,561.27,312.01,32852.16,2780.86,11840.13,427.79,249.92,126.77,231.29,137.5,835.53,3146.08,416.34,188.58,1681.45,868.13
S17T3,MT,3,88.19,113.25,79.01,245.92,65.09,81.69,2098.08,68.81,56.93,75.82,64.28,48.59,10.23,54.5,212.28,67.46,72.41,288.21,682.55,69.96,552.93,20.74,68.81,747.04,0,0,156.25,25.16,552.22,0,0,1083.91,0,0,0,135.38,1016.67,315.16,672.25,98.37,0,0,74.7,0,0,0,0,0,8.23,0,0,108.3,0,0,0,0,0,13.1,0,0,38.31,0,53.05,0,8.44,0,195.38,1467.3,0,0,0,0,852.32,438.98,3058.75,438.15,0,2420.12,324.41,456.66,239.79,1826.81,0,0,1184.39,211.03,4545.23,0,853.91,173.61,0,227.06,21.46,85.18,906.8,180.16,0,1599.89,422.54,9.48,525.38,999.61,5420.17,16473.34,526.72,370.54,298.75,1058.75,1418.23,680.16,52094.13,5986.76,19752.28,231.34,143.31,0,448.16,412.63,1452.95,4823.08,1060.61,612.5,2900.49,1505.5
S18T0,MT,0,138.12,106.68,144.75,310.23,92.12,94.38,2668.99,98.64,88.38,100.32,100.15,46.36,85.61,59.95,311.12,73.94,89.61,526.63,319.77,0,293.82,421.89,42.69,396.71,54.21,34.92,2036.17,196.81,300.05,0,0,311.64,0,0,9.11,66.67,565.46,169.43,249.88,36.83,0,0,19.54,0,0,0,0,0,0,0,7.05,66.53,0,0,0,0,46.66,15.51,0,0,543.37,0,18.73,0,0,0,175.98,1134.26,0,0,0,0,885.27,342.26,2349.26,363.66,0,1576.3,259.61,371.91,194.61,1641.73,0,0,906.14,151.3,3400.37,16.59,585.79,145.61,0,143.13,0,0,685.82,113.76,0,1278.26,305.85,0,413.38,776.96,4000.12,11118.39,369.93,293.48,257.44,612.12,834.56,519.83,49816.5,4882.16,17872.53,273.16,210.2,51.1,396.44,113.82,1346.15,4501.25,874.21,531.54,2877.28,1346.31
S18T1,MT,1,166.61,74.04,85.78,330.51,82.63,90.03,3048.88,122.61,181.38,115.96,124.64,65.81,82.57,54.06,567.13,90.13,108.92,140.85,550.2,0,613.21,157.49,78.68,701.37,60.14,0,785.3,94.86,610.53,119.23,57.29,631.28,0,0,0,119.69,1058.49,307.49,464.74,63.25,0,0,35.07,0,0,0,11.27,0,0,112.73,0,171.86,0,0,0,0,104.95,0,0,0,145.56,86.36,35.71,0,0,55.87,128.72,795.78,0,0,0,64.62,520.85,220.43,1487.13,223.04,0,1052.16,153.74,489.05,137.65,957.4,0,0,560.31,122.05,1719.82,0,354.68,99.27,0,120.42,0,39.34,378.09,78.18,0,678.89,149.94,0,242.79,489.25,2511.14,6222.17,211.12,192.12,219.68,210.11,530.61,328.7,38887.28,3342.26,11603.72,373.24,299.41,128.12,261.03,135.5,929.41,3298.97,516.56,173.38,2021.76,1001.36
S18T2,MT,2,115.05,66.5,73.61,230.27,70.9,72.56,2129.14,88.97,105.98,67.1,70.98,33.07,51.33,0,248.83,47.87,76.84,247.52,741.23,74.55,716.62,208.31,94.27,875.71,46.26,0,915.57,94.24,679.9,65.54,127.85,2331.76,0,0,0,124.33,1264.16,430.49,625.33,86.92,0,0,49.56,0,12.59,0,0,0,0,0,0,181.68,0,0,0,0,22.67,0,0,0,191.6,67.4,46.01,6.27,0,0,131.76,735.37,0,0,0,0,524.28,220.89,1376.33,215.25,0,952.09,155.76,540.63,121.28,953.79,0,0,487.61,99.97,1839.4,0,350.93,57.64,6.56,112.46,10.18,174.73,388.47,72.86,0,694.55,166.61,9.4,245.32,442.17,2364.87,6948.54,199.47,186.93,213.01,209.78,590.5,267.69,32636.51,2868.7,11568.98,467.31,261.18,148.59,222.22,151.88,934.21,3119.5,396.86,191.22,1670.74,904.04
S18T3,MT,3,83.05,88.96,83.68,270.3,75.53,69.49,2254.17,70.35,82.4,74.8,57.86,40.2,60.57,28.6,257.64,60.82,71.88,254.34,720.24,47.19,582.23,34.88,74.62,712.8,35.64,0,173.17,0,598.93,0,13.47,1172.9,0,0,0,169.9,1084.47,331.85,710.8,80.32,0,0,69.65,5.06,0,0,13.77,0,0,0,0,93.3,0,0,0,0,0,0,0,11.64,35.36,0,58.99,0,0,0,168.3,1366.96,0,0,10.14,0,844.42,427.46,2968.95,413.98,0,2548.16,391.44,435.57,240.33,1888.24,0,0,1289.32,207.46,4560.56,0,771.46,211.95,0,262.32,29.2,59.92,918.49,189.82,0,1658.66,370.41,0,551.92,1033.65,5373.77,15505.95,487,352.31,330.06,1263.3,1339.37,702.14,51013.97,5527.06,20517.38,230.92,151.84,25.15,392.48,343.02,1447.17,4636.94,1062.57,559.93,2772.72,1517
