"","p.values.treatment_p.values","p.values.treatment.1_p.values","p.values.treatment_adjusted.p.values","p.values.treatment.1_adjusted.p.values","p.values.treatment_q.values","p.values.treatment.1_q.values","post.hoc.5mM.Glucose.10mM.Glucose","post.hoc.5mM.Glucose.and.5mM.Fructose.10mM.Glucose","post.hoc.5mM.Glucose.and.5mM.Fructose.5mM.Glucose"
"z.C30.FAME.internal.standard",0.176967477379991,0.455868221730858,0.455868221730858,0.997798249055363,0.304343970772244,0.861674235021271,0.206664575387165,0.281779283045005,0.981864668273323
"z.C28.FAME.internal.standard",0.329033271076432,0.614962298276923,0.614962298276923,0.997798249055363,0.416950430377644,0.893654208907259,0.579763714432235,0.31056563130345,0.884345615221757
"z.C26.FAME.internal.standard",0.433402611646708,0.710553889132487,0.710553889132487,0.997798249055363,0.483392952206499,0.906625127275636,0.986934332905707,0.459597669586742,0.553459871822132
"z.C24.FAME.internal.standard",0.278116852768562,0.563230355921238,0.563230355921238,0.997798249055363,0.384071712652453,0.885009685367789,0.656794629726524,0.247157424849319,0.742940492070388
"z.C22.FAME.internal.standard",0.0764321701024543,0.282886882448164,0.282886882448164,0.997798249055363,0.192310093826482,0.794474224920572,0.567980845532227,0.0616903349458964,0.407136779775298
"z.C20.FAME.internal.standard",0.0451958440036205,0.199357010536518,0.199357010536518,0.879355580722723,0.135137583671635,0.731482895665645,0.462515568768708,0.0348366764370708,0.371256266487617
"z.C18.FAME.internal.standard",0.155864694031588,0.416725545635313,0.416725545635313,0.997798249055363,0.284196570643327,0.850622251967532,0.567681315284871,0.131592278179591,0.620116681800209
"z.C16.FAME.internal.standard",0.127055691439331,0.385961628711929,0.385961628711929,0.997798249055363,0.257366967300479,0.840613503624863,0.863703105598964,0.123044142614799,0.31115690382128
"z.C14.FAME.internal.standard",0.145493178069272,0.410954415248294,0.410954415248294,0.997798249055363,0.275177940558522,0.848841596911426,0.537310057824289,0.122445225132164,0.628384283330256
"z.C12.FAME.internal.standard",0.139678578081309,0.405193712992625,0.405193712992625,0.997798249055363,0.269821287724953,0.847021312022172,0.795847060321121,0.126423050663775,0.384237752591893
"z.C10.FAME.internal.standard",0.167942667698452,0.439654788608955,0.439654788608955,0.997798249055363,0.295958162329856,0.857301032356029,0.609184292997795,0.142492418875804,0.603712227044631
"z.C09.FAME.internal.standard",0.102692942133585,0.351777950712921,0.351777950712921,0.997798249055363,0.229551818648167,0.827792466198936,0.414588578342491,0.085940269364873,0.652472148751171
"z.C08.FAME.internal.standard",0.100188726879586,0.350557445764509,0.350557445764509,0.997798249055363,0.226362820238048,0.82729645251492,0.245199975994894,0.102290246225593,0.890637923641066
"xylulose.NIST",1.24873625324827e-10,5.0261634193243e-09,5.0261634193243e-09,2.02303077627803e-07,3.43509141145253e-09,1.8850785409955e-07,0.388164403273553,1.05164336905439e-07,3.88251319982658e-10
"valine",0.12416354554945,0.383932630492383,0.383932630492383,0.997798249055363,0.25434104694305,0.839906032260554,0.868244912919858,0.121066125556656,0.302852568465868
"urea",0.661974380797987,0.875954001500046,0.875954001500046,0.997798249055363,0.588339965999761,0.922897008309112,0.999953562450532,0.7082362472405,0.71384256669824
"uracil",0.346959418496764,0.62413928913943,0.62413928913943,0.997798249055363,0.428270266394737,0.89505375821578,0.313555395166571,0.761840185158259,0.72759531960018
"UDP.N.acetylglucosamine",1.16269563698852e-07,2.49591996740202e-06,2.49591996740202e-06,5.35790819668966e-05,1.68144029127227e-06,4.86809410485915e-05,0.00225159615923642,0.0157237350305013,5.59446960979315e-08
"UDP.glucuronic.acid",0.0150265269032429,0.0916238978712445,0.0916238978712445,0.548851748489524,0.0611560511969996,0.555953189612034,0.0116778293544341,0.511587558458299,0.161824025582373
"tyrosine",0.00734804020037859,0.0525793098782646,0.0525793098782646,0.376234172906693,0.0359349111269465,0.418090912954915,0.994265562678551,0.0151071352695418,0.0198824327894812
"tryptophan",0.00487411176457132,0.0435962218942213,0.0435962218942213,0.364704741176269,0.0273575679345266,0.373327617015068,0.707326751032583,0.00495457471574567,0.0428944855088031
"trans.4.hydroxyproline",0.97718930933776,0.99073652639335,0.99073652639335,0.997798249055363,0.678428820541177,0.931215392496207,0.994087328918096,0.993218699574693,0.974890360144074
"threonine",0.00692380348037571,0.0521190149902352,0.0521190149902352,0.376234172906693,0.0346244327989996,0.415953248127269,0.761863540820608,0.047811941368255,0.00739079204572202
"taurine",0.179084966794796,0.457661581808922,0.457661581808922,0.997798249055363,0.306253298604417,0.862141544612049,0.265295148234235,0.221197103577858,0.993721778489525
"tagatose",0.388609109083441,0.662074778438456,0.662074778438456,0.997798249055363,0.45622591225381,0.90046845372694,0.36657457260472,0.88810878497866,0.643888848512429
"sucrose",0.975278295730412,0.99073652639335,0.99073652639335,0.997798249055363,0.678001608914992,0.931215392496207,0.983941847332305,0.999164208833722,0.975916857053781
"succinic.acid",0.34013461682396,0.619585482672321,0.619585482672321,0.997798249055363,0.423495130311372,0.894363908496196,0.501739742275645,0.348973166265295,0.960721837045262
"stearic.acid",0.435538853928363,0.710553889132487,0.710553889132487,0.997798249055363,0.484620917478721,0.906625127275636,0.864022635820479,0.40638990307091,0.720750015864109
"sorbitol",9.14609732435142e-27,1.47252166922058e-24,1.47252166922058e-24,2.37075988744513e-22,1.00638322257285e-24,2.2090957004114e-22,0.00788019469985235,0,0
"sophorose",0.156595624291531,0.416725545635313,0.416725545635313,0.997798249055363,0.284807759580803,0.850622251967532,0.289500705337202,0.16989659734497,0.949810735816869
"serine",5.12990280865661e-05,0.000635318732456704,0.000635318732456704,0.00786817814811764,0.000434203534450602,0.00860673306254604,0.392942867015265,4.75204141928698e-05,0.00398786199423629
"salicylaldehyde",0.225110563201982,0.514082279085378,0.514082279085378,0.997798249055363,0.344774031010949,0.875386146019217,0.973645374935156,0.35182826050624,0.248348456940253
"saccharic.acid",0.938536155919369,0.970076885806482,0.970076885806482,0.997798249055363,0.669561316486499,0.929853250815197,0.935810694874787,0.967883007560789,0.994089794090908
"ribulose.5.phosphate",0.11031013886647,0.366184172319622,0.366184172319622,0.997798249055363,0.238847847897891,0.833438928741405,0.24236585592822,0.921191463969571,0.117306851551358
"ribose.5.phosphate",0.00051389076715885,0.00570595955259137,0.00570595955259137,0.0633558267563594,0.00389969267171922,0.0723306865311456,0.000310285205543326,0.141026569790079,0.079387132950976
"ribose",7.08832024818707e-10,2.5360434665736e-08,2.5360434665736e-08,9.07339995818554e-07,1.73323873585241e-08,8.45467689152664e-07,0.544324322137155,2.35953337202055e-07,3.00135638564569e-09
"ribitol",0.337553714557514,0.619585482672321,0.619585482672321,0.997798249055363,0.421994048051746,0.894363908496196,0.73492060934685,0.743083828154435,0.304135151682441
"pyrophosphate",0.038758606829172,0.178289591414191,0.178289591414191,0.82013212050528,0.120771928685399,0.708987387399812,0.114479050398239,0.907886921958693,0.0447880814065886
"putrescine",0.753791407957351,0.912484335948372,0.912484335948372,0.997798249055363,0.619398495969567,0.92575456808325,0.852556392834381,0.980952615769566,0.749281109553527
"propane.1.3.diol.NIST",0.362691746021792,0.632281229485457,0.632281229485457,0.997798249055363,0.439161326996502,0.896264972381502,0.611877625412817,0.890818400547912,0.343130089741882
"proline",0.411739342672968,0.686943359278217,0.686943359278217,0.997798249055363,0.470601631713397,0.903724773237969,0.38440231803476,0.868172431376344,0.691088393807721
"phosphoethanolamine",0.661533297088527,0.875954001500046,0.875954001500046,0.997798249055363,0.588178523758414,0.922897008309112,0.791742881446817,0.655972679350294,0.972321468535111
"phosphoenolpyruvate",0.160691364290194,0.424119830339691,0.424119830339691,0.997798249055363,0.288914025114386,0.852843324552896,0.785734625970869,0.143976908289073,0.43074295733169
"phosphate",0.287055454886725,0.570567015268676,0.570567015268676,0.997798249055363,0.389949488365626,0.886320205223928,0.543690510994308,0.869211383846925,0.268916336536597
"phenylalanine",0.173246113920199,0.449881037760517,0.449881037760517,0.997798249055363,0.300935577243146,0.860090901709278,0.9978560181293,0.248165404947683,0.222945993457931
"pentadecanoic.acid",0.533123358945607,0.801615997967632,0.801615997967632,0.997798249055363,0.535100441244662,0.916344995178832,0.855701701416456,0.823916555437002,0.501360631968438
"pelargonic.acid",0.753252522713623,0.912484335948372,0.912484335948372,0.997798249055363,0.619229887996769,0.92575456808325,0.956178024721961,0.736207902353465,0.889124609390466
"pantothenic.acid",0.81898397709723,0.938147756220304,0.938147756220304,0.997798249055363,0.638750431006866,0.927638615588497,0.990277163434859,0.885914490729988,0.819277273895765
"palmitoleic.acid",0.108938059115495,0.365396406616557,0.365396406616557,0.997798249055363,0.237216648490202,0.83313975452631,0.154698741910745,0.166028075715213,0.999247438103081
"palmitic.acid",0.13483469263233,0.394697918432819,0.394697918432819,0.997798249055363,0.265181080012437,0.843589585849093,0.806975480933063,0.123238241550957,0.366727544335064
"oxoproline",0.556661280263774,0.808281994759339,0.808281994759339,0.997798249055363,0.545830296522903,0.916977629668901,0.966248670823993,0.55374528571383,0.709540096193861
"ornithine",0.268069599022976,0.554940816821164,0.554940816821164,0.997798249055363,0.377227801673926,0.883492119124806,0.822821918358567,0.564538451529654,0.244330749080162
"oleic.acid",0.732372716236472,0.907873101211309,0.907873101211309,0.997798249055363,0.612579914461241,0.925405593385232,0.986140275237658,0.825132149544797,0.734270614890945
"oleamide.NIST",0.311680081035268,0.604584253574436,0.604584253574436,0.997798249055363,0.406240899584103,0.892025826356383,0.805361508258371,0.639740865444583,0.282572877985561
"octanol.NIST",0.909714438737232,0.970076885806482,0.970076885806482,0.997798249055363,0.662624295581024,0.929853250815197,0.917951398935704,0.932292159571017,0.999223466635109
"octadecanol",0.0626039836609885,0.248842687423561,0.248842687423561,0.977162748175447,0.168742512648671,0.772746146039811,0.700443940620128,0.053989087330918,0.271372818908694
"N.methylalanine",0.11471112396233,0.373100827433032,0.373100827433032,0.997798249055363,0.243957852991374,0.836020358232937,0.964534703107995,0.133808344350356,0.216516072580751
"N.acetylgalactosamine",0.0146271239296829,0.0916238978712445,0.0916238978712445,0.548851748489524,0.0600546562881639,0.555953189612034,0.785598376368465,0.0781620439445356,0.0151205439369856
"N.acetylaspartic.acid",0.00544052437014114,0.0453049367920831,0.0453049367920831,0.364704741176269,0.0295377359128597,0.382365001664129,0.0141798925432977,0.999265347495925,0.0128232995543421
"myristic.acid",0.537729986214312,0.801615997967632,0.801615997967632,0.997798249055363,0.537240109194415,0.916344995178832,0.882766430517577,0.508171925910838,0.799237732124912
"myo.inositol",0.129538016972206,0.389824686589254,0.389824686589254,0.997798249055363,0.259910872273826,0.841943334045405,0.266165252239041,0.137900157629164,0.930424145942755
"methionine",0.0906165362117431,0.32420582955757,0.32420582955757,0.997798249055363,0.213513735122214,0.815844095707441,0.754705155690232,0.0805337604671048,0.311162832022121
"methanolphosphate",0.932079212503054,0.970076885806482,0.970076885806482,0.997798249055363,0.668032123180986,0.929853250815197,0.999891775916089,0.945909682149487,0.941185789480445
"malic.acid",0.254615040522036,0.546573620320637,0.546573620320637,0.997798249055363,0.367645139219155,0.881919167429563,0.256340200522285,0.43580471924986,0.933235558162358
"lysine",0.442569922228701,0.712537574788208,0.712537574788208,0.997798249055363,0.488621644417097,0.906860868625952,0.951289938249183,0.622807430336849,0.438627019655479
"leucine",0.201987162589568,0.4782343114253,0.4782343114253,0.997798249055363,0.325610367325207,0.867284898167352,0.863887501392235,0.190740383785555,0.431559491815585
"lauric.acid",0.764396296614452,0.918416445932289,0.918416445932289,0.997798249055363,0.622686463071017,0.926198732192836,0.863895024715927,0.758010906953892,0.979289254951946
"lactic.acid",0.0631198173685622,0.248842687423561,0.248842687423561,0.977162748175447,0.169637545416879,0.772746146039811,0.0530503686817591,0.295919491934347,0.662504198736498
"isothreonic.acid",2.74159516068005e-06,4.41396820869488e-05,4.41396820869488e-05,0.000690072348321531,2.90750948434353e-05,0.000632957815367979,0.000328942662405907,0.445296565534334,3.67454127669919e-06
"isoleucine",0.063369876921528,0.248842687423561,0.248842687423561,0.977162748175447,0.170069555455553,0.772746146039811,0.99890533267604,0.107419184781143,0.0977832693172966
"inositol.4.monophosphate",0.245420972975992,0.542577927640258,0.542577927640258,0.997798249055363,0.360804007067355,0.881152934778718,0.301708933002539,0.325664378845458,0.998660618766917
"hydroxylamine",0.449136589409708,0.713803887424168,0.713803887424168,0.997798249055363,0.492302433169904,0.907010735842961,0.656357210076723,0.435648149380326,0.931217162251906
"hydroquinone",0.5374982015508,0.801615997967632,0.801615997967632,0.997798249055363,0.53713292144244,0.916344995178832,0.511190494675361,0.903098061310735,0.776080075181216
"homoserine",0.14725255516754,0.412307154469111,0.412307154469111,0.997798249055363,0.276754893215933,0.849262776771178,0.286531275772903,0.938061380843814,0.157011226471202
"hexose.6.phosphate",7.06732100339099e-09,2.06879760281082e-07,2.06879760281082e-07,6.05593480095531e-06,1.38339057929098e-07,5.34812778439459e-06,3.22078830816697e-06,0.390151258002123,1.57824669999584e-08
"hexitol",0.891727337405126,0.970076885806482,0.970076885806482,0.997798249055363,0.658145463330243,0.929853250815197,0.991045613201351,0.939702391443305,0.888397844152946
"heptadecanoic.acid",0.330398998763689,0.614962298276923,0.614962298276923,0.997798249055363,0.41776809873009,0.893654208907259,0.48834118547469,0.962632639707003,0.341075257375828
"glycolic.acid",0.258477027376634,0.548353167937533,0.548353167937533,0.997798249055363,0.370446538371338,0.882257250870145,0.232453839242801,0.578784932012146,0.79426759483186
"glycine",0.00559483006484842,0.0453049367920831,0.0453049367920831,0.364704741176269,0.0301071654180425,0.382365001664129,0.995776346622208,0.015592095040569,0.0122557059842788
"glycerol.alpha.phosphate",1.33959620900648e-08,3.31807676384681e-07,3.31807676384681e-07,8.21862090737441e-06,2.26350892243115e-07,7.50866437638039e-06,6.89625789807025e-09,0.0183208530935226,0.000354481191224387
"glutathione",0.228855316342957,0.51666931553103,0.51666931553103,0.997798249055363,0.347829537119929,0.875932692296581,0.867370949394225,0.215654081093553,0.467273645427296
"glutamine",0.897471672478812,0.970076885806482,0.970076885806482,0.997798249055363,0.659588686727815,0.929853250815197,0.902849129174762,0.997808976798635,0.928197905932869
"glutamic.acid",0.827344689536219,0.938147756220304,0.938147756220304,0.997798249055363,0.641090796480707,0.927638615588497,0.825868804737702,0.989185055752233,0.894714932266403
"glucose.6.phosphate",1.01887777061074e-08,2.73398868447214e-07,2.73398868447214e-07,7.33620297000024e-06,1.84982153321236e-07,6.569706787383e-06,7.71538806176864e-08,0.861234720371374,6.35028909568014e-07
"glucose.1.phosphate",5.31426997016652e-06,7.77815877451645e-05,7.77815877451645e-05,0.00113843960245195,5.31592074792659e-05,0.00106173506629943,2.75937372361534e-05,0.969818403760408,6.57026372276048e-05
"glucose",0.0037061530119306,0.0350994491129898,0.0350994491129898,0.332412429834786,0.0223615248182131,0.324152673643066,0.00723685802052521,0.0136702816336881,0.972498287747865
"glucosaminic.acid",0.923524635759275,0.970076885806482,0.970076885806482,0.997798249055363,0.665984217081077,0.929853250815197,0.92907739679241,0.944640170898068,0.998935246818146
"glucosamine.NIST",0.655540475159975,0.875867356852747,0.875867356852747,0.997798249055363,0.585972460010853,0.922889969088884,0.709063262787421,0.999918600489846,0.701615445427474
"gluconic.acid",0.195963979201816,0.474574712270943,0.474574712270943,0.997798249055363,0.320737988332799,0.866398218355101,0.200858036905396,0.93075609370729,0.361881909515461
"glucoheptulose",6.15966771428691e-07,1.10189611333355e-05,1.10189611333355e-05,0.000197116971385224,7.53082134311873e-06,0.000183675392970513,0.0124605954455869,0.00982727432061359,2.94511111720297e-07
"fumaric.acid",0.134645272040859,0.394697918432819,0.394697918432819,0.997798249055363,0.264996207267076,0.843589585849093,0.12643909032198,0.343633750953118,0.837539689551739
"fructose.6.phosphate",1.68625579306826e-08,3.87838832405699e-07,3.87838832405699e-07,8.92029314533107e-06,2.65065365185381e-07,8.312010565944e-06,9.23489220649998e-07,0.872492005161724,1.24490143638134e-07
"fructose.1.phosphate",1.26120838390906e-24,1.01527274904679e-22,1.01527274904679e-22,8.17294562982667e-21,6.93880084981659e-23,7.61562533015654e-21,0.000348972269806902,0,0
"fructose",2.14498419781449e-27,6.90684911696265e-25,6.90684911696265e-25,2.22400541566197e-22,4.72043109276113e-25,2.07234854421512e-22,0.688540182353566,0,0
"erythritol",0.0627250160347801,0.248842687423561,0.248842687423561,0.977162748175447,0.168952987211613,0.772746146039811,0.963864960322439,0.0788421757212638,0.13571896520082
"dodecanol",0.131494593161117,0.392048694424811,0.392048694424811,0.997798249055363,0.261882289130078,0.842698915957908,0.248103075049021,0.147581948850313,0.956158299159883
"cytidine.5.monophosphate",0.153787428566051,0.416725545635313,0.416725545635313,0.997798249055363,0.282442574333906,0.850622251967532,0.137082953117778,0.425740926472999,0.776503069590137
"cysteine",0.544267979938354,0.807623454102073,0.807623454102073,0.997798249055363,0.540243257500717,0.916915557325706,0.596273316592462,0.999575472687026,0.613705153051444
"creatinine",0.0187520240954563,0.104106064805809,0.104106064805809,0.577968152887423,0.0705732122938457,0.587216956102544,0.112819129145838,0.0173542773789609,0.714397127662035
"citrulline",0.00214725078905785,0.0224700672569006,0.0224700672569006,0.233398763120065,0.014396233588077,0.234916663188705,0.264682692208239,0.100707979965633,0.00142648586926464
"citric.acid",0.0208222304083764,0.111745969858287,0.111745969858287,0.589925957743538,0.0752179684306046,0.6042702854673,0.0152208910520476,0.294004999159464,0.370436403673403
"citramalic.acid",0.10740098415479,0.364032809450973,0.364032809450973,0.997798249055363,0.235367148085205,0.832619345359611,0.355691592236062,0.0944181850854769,0.745639884744483
"cholesterol",0.209254496317247,0.484747826001104,0.484747826001104,0.997798249055363,0.331297046055964,0.868834274111452,0.626461105726494,0.180952016594975,0.664881933671284
"capric.acid",0.394449542988442,0.668488172854096,0.668488172854096,0.997798249055363,0.459928991024817,0.901329127121851,0.691955144243462,0.84989718327321,0.365335917376854
"bisphosphoglycerol.NIST",1.93370112717779e-07,3.8915735184453e-06,3.8915735184453e-06,7.83179170587116e-05,2.63305023949858e-06,7.16368110032013e-05,1.0125526173077e-07,0.00153785477865431,0.0314947695721625
"beta.glycerolphosphate",0.901613863319619,0.970076885806482,0.970076885806482,0.997798249055363,0.660621844002763,0.929853250815197,0.947221301355773,0.990863090860383,0.897728920568723
"beta.alanine",0.776850567855705,0.926466232776064,0.926466232776064,0.997798249055363,0.626476013287534,0.926793026219548,0.764600032276358,0.970091423982893,0.887984180245707
"benzoic.acid",0.125195422986647,0.383932630492383,0.383932630492383,0.997798249055363,0.255428442452785,0.839906032260554,0.149329807813263,0.975109591489139,0.221732313935803
"aspartic.acid",0.478843897492701,0.737740358816506,0.737740358816506,0.997798249055363,0.508312959432459,0.909755557392571,0.874129192930785,0.753343214619916,0.449486168435317
"asparagine",0.474496304647218,0.734556779309636,0.734556779309636,0.997798249055363,0.506033227265757,0.909399872282424,0.963924216391345,0.635674157232614,0.475856000628636
"alpha.ketoglutarate",0.025565433364702,0.128626086616157,0.128626086616157,0.647149998287539,0.0872936758341816,0.637370998553659,0.677408447673793,0.0223695893437391,0.154044294670809
"alpha.aminoadipic.acid",0.0042849367362337,0.03942141797335,0.03942141797335,0.36267704535482,0.0249275977327513,0.350093385998108,0.0321118531204144,0.00489067910369023,0.774641774357173
"alanine",0.553239339581235,0.808281994759339,0.808281994759339,0.997798249055363,0.544301263288206,0.916977629668901,0.774250395458708,0.916727243068002,0.529447610329781
"adipic.acid",0.229452522114712,0.51666931553103,0.51666931553103,0.997798249055363,0.348312508640446,0.875932692296581,0.477768381744329,0.857058080466278,0.214372240434771
"adenosine.5.monophosphate",0.0591473451190653,0.245649000730352,0.245649000730352,0.977162748175447,0.162607271380558,0.770469769154544,0.531900089769299,0.374718560890755,0.0468410236856925
"adenosine",0.557262741728488,0.808281994759339,0.808281994759339,0.997798249055363,0.54609798922889,0.916977629668901,0.794771000055269,0.530293969375233,0.902373269137432
"adenine",0.836175174022445,0.938147756220304,0.938147756220304,0.997798249055363,0.643529958378337,0.927638615588497,0.836583752731403,0.991413840396007,0.896877405444782
"X5..deoxy.5..methylthioadenosine",0.196116056790332,0.474574712270943,0.474574712270943,0.997798249055363,0.320862845079554,0.866398218355101,0.649035395011856,0.618699725480729,0.168623914756573
"X3.6.anhydro.D.galactose",0.0170229155009892,0.0978817641306877,0.0978817641306877,0.562820143751455,0.0663851402824845,0.572197419962808,0.077544903892978,0.0185640142771414,0.829421833059822
"X3.phosphoglycerate",1.38069763080336e-06,2.33991914272991e-05,2.33991914272991e-05,0.000396554717873174,1.59919912667015e-05,0.000367716698599587,0.203171235329228,1.16050603915507e-06,0.000672660136087133
"X3.hydroxy.3.methylglutaric.acid",0.0122011228378967,0.0822042851606757,0.0822042851606757,0.548851748489524,0.0529245020940111,0.529034651899801,0.0114725138443728,0.702996603366897,0.0851603316206525
"X3.aminoisobutyric.acid",0.663766386229849,0.875954001500046,0.875954001500046,0.997798249055363,0.588994563070697,0.922897008309112,0.655952751934017,0.798730393340959,0.969228533079341
"X2.ketoisocaproic.acid",0.895418185972459,0.970076885806482,0.970076885806482,0.997798249055363,0.659074164412226,0.929853250815197,0.898708183623464,0.996697034005392,0.929985377528356
"X2.hydroxyglutaric.acid",2.9350903283997e-06,4.50047183687955e-05,4.50047183687955e-05,0.000690072348321531,3.07581168071676e-05,0.000643015712271356,2.84103272008007e-06,0.291318668033309,0.000707682478694238
"X1.2.4.benzenetriol",0.948094455651135,0.975355957570816,0.975355957570816,0.997798249055363,0.671799313368383,0.930206418782831,0.996344057717145,0.946923601888568,0.970487872713979
"X1.2.cyclohexanedione",0.0150031883475971,0.0916238978712445,0.0916238978712445,0.548851748489524,0.061092221856052,0.555953189612034,0.953486330282301,0.0461812450936943,0.0220519012257429
"X1.monostearin",0.32826675263575,0.614962298276923,0.614962298276923,0.997798249055363,0.416489944036887,0.893654208907259,0.364342796678408,0.439876169892511,0.989838124284661
"X1.monopalmitin",0.500211385613837,0.766990791274549,0.766990791274549,0.997798249055363,0.51921828507624,0.912897401115865,0.566492294031511,0.561640727731093,0.999966669433038
"X1.hexadecanol",0.98145980357742,0.99073652639335,0.99073652639335,0.997798249055363,0.67937941466431,0.931215392496207,0.981006774005108,0.998691933851527,0.989586797779761
"X.2.5.dihydroxypyrazine.NIST",0.367194378614225,0.632281229485457,0.632281229485457,0.997798249055363,0.442202418961371,0.896264972381502,0.346459500398268,0.621007381952217,0.887187832859835
"X87950",0.591575029486905,0.835469997784138,0.835469997784138,0.997798249055363,0.560863871921606,0.919461765010703,0.8694373345968,0.561547157442491,0.859827880414219
"X87948",0.316783479553052,0.610804074347802,0.610804074347802,0.997798249055363,0.409453435466896,0.893007689668616,0.496933205949638,0.318658605313194,0.944515399455301
"X5990",0.773314863483929,0.925678015025372,0.925678015025372,0.997798249055363,0.62540793896567,0.926735257279119,0.961647102631156,0.757850972000357,0.896967962236372
"X54",0.449590649135404,0.713803887424168,0.713803887424168,0.997798249055363,0.492554987905278,0.907010735842961,0.850539848335367,0.418271623519958,0.749699697700515
"X307",0.320803537861634,0.6115714379615,0.6115714379615,0.997798249055363,0.411946583209222,0.893127589915913,0.733194655801568,0.723788284784584,0.287733122542983
"X2430",0.920028123808639,0.970076885806482,0.970076885806482,0.997798249055363,0.665139883830452,0.929853250815197,0.976599778511299,0.912236092732745,0.97792897940625
"X1872",0.882103703064514,0.970076885806482,0.970076885806482,0.997798249055363,0.655699972823158,0.929853250815197,0.99775529447189,0.916211385310923,0.888953100171882
"X1815",0.261057183734873,0.548353167937533,0.548353167937533,0.997798249055363,0.372295028096135,0.882257250870145,0.855384349964691,0.242723792319976,0.523240082816138
"X110",0.757728142581306,0.913814464086819,0.913814464086819,0.997798249055363,0.620625717569281,0.925854625201723,0.859978678510707,0.751116164125611,0.978501096025122
"X2233",0.360947138506064,0.632281229485457,0.632281229485457,0.997798249055363,0.437974081585665,0.896264972381502,0.547604238541493,0.359123320242609,0.943541978925068
"X88041",0.0412488542557302,0.18707226859641,0.18707226859641,0.848412260394986,0.126470529281684,0.718808083485153,0.665784267906866,0.0350673022520743,0.220501950623032
"X1812",0.0466730467768122,0.203090825163967,0.203090825163967,0.883719536524288,0.138271849379878,0.735111903107127,0.122470127286843,0.0555279893758414,0.930591155734621
"X42445",0.363656448804485,0.632281229485457,0.632281229485457,0.997798249055363,0.439815678188016,0.896264972381502,0.989941395996384,0.398349656729652,0.476413824357676
"X42016",0.36117189901334,0.632281229485457,0.632281229485457,0.997798249055363,0.438127318263604,0.896264972381502,0.63375482696639,0.337179248032716,0.869182869023231
"X88043",0.350814349966151,0.627567892717225,0.627567892717225,0.997798249055363,0.430977869860094,0.895567235984177,0.318204271156809,0.706650952323049,0.787205388969762
"X88050",0.752523425114274,0.912484335948372,0.912484335948372,0.997798249055363,0.619001527900465,0.92575456808325,0.841038647279283,0.986412303140826,0.753239035157937
"X88046",0.465023776686018,0.726881825693678,0.726881825693678,0.997798249055363,0.500992195501854,0.908530750988448,0.471186490912224,0.617328625791613,0.96955705965979
"X88045",0.0208020551371632,0.111745969858287,0.111745969858287,0.589925957743538,0.075174503272793,0.6042702854673,0.0156105718770984,0.234569541540249,0.452180960454582
"X88054",0.220694660109181,0.507597718251117,0.507597718251117,0.997798249055363,0.341109853679826,0.873994797011048,0.241499285570334,0.969740782932919,0.351566633776645
"X88052",0.309212862827447,0.60343358685114,0.60343358685114,0.997798249055363,0.404668380983708,0.891842202973843,0.890917532295812,0.548825061742541,0.29388696642394
"X17541",0.473084385493567,0.734556779309636,0.734556779309636,0.997798249055363,0.505288309721545,0.909399872282424,0.670142795300535,0.461103500604375,0.93895167528059
"X88059",1.11296053688743e-25,1.19457764292584e-23,1.19457764292584e-23,1.28218000340707e-21,8.16424588534257e-24,1.19474702928792e-21,0.811915860587364,0,0
"X87947",1.3937502219249e-12,8.97575142919637e-11,8.97575142919637e-11,5.78038392040246e-09,6.13440592226313e-11,5.38621449304566e-09,0.139133545724003,1.07646979108367e-08,0
"X1704",0.33428577371418,0.618620799631988,0.618620799631988,0.997798249055363,0.420075736088288,0.894216604279394,0.587256516965885,0.315144223235088,0.883186545310759
"X42007",0.0701380808575008,0.268862643287086,0.268862643287086,0.997798249055363,0.181951138698489,0.786047401831008,0.695584386368157,0.296080874179577,0.0601222568223198
"X87951",5.40762092194213e-12,2.90208989477561e-10,2.90208989477561e-10,1.55745491019624e-08,1.98341025571888e-10,1.45125069979436e-08,0.0743591698954246,8.52136371465306e-08,0
"X892",0.276367563565407,0.563230355921238,0.563230355921238,0.997798249055363,0.38289854759789,0.885009685367789,0.294461153643796,0.969121844408992,0.418338793457868
"X88047",0.0225822318417895,0.115420296080257,0.115420296080257,0.589925957743538,0.0788830833172358,0.611979876332652,0.0165336916285876,0.339411500225811,0.337892686370762
"X21622",0.000240623931846858,0.00286966318721068,0.00286966318721068,0.034223390603031,0.00194018647308793,0.0377334925212169,0.155617707544241,0.0428402093476529,0.000145998211988463
"X134",0.0595050374439984,0.245649000730352,0.245649000730352,0.977162748175447,0.163253481083903,0.770469769154544,0.0869400598298481,0.993554388190589,0.109476090679757
"X168",0.00362967177896335,0.0350994491129898,0.0350994491129898,0.332412429834786,0.0220081082474395,0.324152673643066,0.0487018774569178,0.585631790604215,0.00322179508263654
"X107250",0.985441733568045,0.991600744402845,0.991600744402845,0.997798249055363,0.680260726231723,0.931271220733245,0.994540113970851,0.997239358287575,0.984110981761406
"X112501",0.414380686427704,0.687786500153199,0.687786500153199,0.997798249055363,0.47219504871762,0.903831444760463,0.381310777064576,0.816265914325012,0.748855858427983
"X16817",0.0150809521340868,0.0916238978712445,0.0916238978712445,0.548851748489524,0.0613046478221897,0.555953189612034,0.0168365636912671,0.836306802431652,0.0694155133756152
"X4877",0.60450070233352,0.844186655965985,0.844186655965985,0.997798249055363,0.566180180494928,0.920227024323666,0.6028677134648,0.972507337806694,0.742065835823877
"X257",0.694461317313777,0.884487294274515,0.884487294274515,0.997798249055363,0.599892380184505,0.923584033551093,0.995327695059734,0.769460371568168,0.714502224073552
"X3143",0.57722940574319,0.822424197563306,0.822424197563306,0.997798249055363,0.554808880101783,0.918288607978605,0.954907804802286,0.566174801246349,0.745600749166926
"X86075",0.204997488466386,0.481818914497636,0.481818914497636,0.997798249055363,0.327990863798373,0.868142070955605,0.202796897170608,0.395697484184218,0.908174520340996
"X22324",0.680863740525304,0.884024695359467,0.884024695359467,0.997798249055363,0.595136893068292,0.923547103205384,0.763437783043748,0.993543307147522,0.698229983746787
"X3029",0.185112659000664,0.466348837191879,0.466348837191879,0.997798249055363,0.311572694969946,0.864361275885113,0.194120989660583,0.337062760777537,0.941157219366359
"X120987",0.0167840918268289,0.0978817641306877,0.0978817641306877,0.562820143751455,0.0657827311231488,0.572197419962808,0.0473369609764848,0.0255457318503912,0.96671289979177
"X46131",0.00216326734460845,0.0224700672569006,0.0224700672569006,0.233398763120065,0.0144870666811236,0.234916663188705,0.00945197565864997,0.00433861261049395,0.961767111956803
"X88055",0.0150134136974885,0.0916238978712445,0.0916238978712445,0.548851748489524,0.0611201954987311,0.555953189612034,0.73120602339392,0.0920076653279611,0.0143958249510013
"X2551",0.309014827307416,0.60343358685114,0.60343358685114,0.997798249055363,0.404541603946129,0.891842202973843,0.310949543831204,0.489360006306518,0.943409885910912
"X17267",0.694954302644262,0.884487294274515,0.884487294274515,0.997798249055363,0.600062694517659,0.923584033551093,0.956320348013456,0.843662818203282,0.679033442081018
"X99",0.00596796286651014,0.0468703425125919,0.0468703425125919,0.368103665586697,0.0314434182494432,0.390418623111914,0.016668246235964,0.0127688311014664,0.994776032299808
"X88058",0.148727569814663,0.412847219657944,0.412847219657944,0.997798249055363,0.278061770684508,0.849430273012651,0.299416634931532,0.154851029061803,0.925277903143376
"X2030",0.0529713206075547,0.227423536475102,0.227423536475102,0.966626055049402,0.151013143298832,0.756553502842909,0.0413942050256777,0.495352987978887,0.379367234659629
"X84181",2.61816075470118e-07,4.95910448831635e-06,4.95910448831635e-06,9.39312732492862e-05,3.38926051843364e-06,8.7526017699238e-05,1.30755304250663e-07,0.02392321345147,0.00263166423921724
"X228",0.0951664510349161,0.336742826738934,0.336742826738934,0.997798249055363,0.219755890057336,0.821476266853468,0.138745061549096,0.14807474686987,0.999395041328579
"X27127",0.286147805784668,0.570567015268676,0.570567015268676,0.997798249055363,0.389361405060069,0.886320205223928,0.453022731522592,0.951295390590547,0.293382281520451
"X1923",0.514013572075795,0.782834131483512,0.782834131483512,0.997798249055363,0.526008982925694,0.914509517301304,0.482187700730105,0.856370563926103,0.805891371739862
"X1661",0.261439810977915,0.548353167937533,0.548353167937533,0.997798249055363,0.372567597229818,0.882257250870145,0.234987234040402,0.584792883179266,0.792412826416069
"X453",0.18819699596856,0.466348837191879,0.466348837191879,0.997798249055363,0.314230277754427,0.864361275885113,0.969292303221894,0.311588009727505,0.209554518381329
"X46185",0.834072926019879,0.938147756220304,0.938147756220304,0.997798249055363,0.642952285862004,0.927638615588497,0.846609232366588,0.997914154323058,0.876826482169618
"X62",0.67803515636063,0.883916276713048,0.883916276713048,0.997798249055363,0.59413341225531,0.923538442729175,0.931021633638798,0.862353971297797,0.655121497505559
"X4793",0.00516345690362812,0.0449360303504934,0.0449360303504934,0.364704741176269,0.0284893933417294,0.38043598923353,0.224964605155853,0.00345930029932784,0.210395398633946
"X17425",0.246644878623529,0.542577927640258,0.542577927640258,0.997798249055363,0.361728992026429,0.881152934778718,0.433555508849147,0.246406976941911,0.925939410158815
"X84390",1.10438213232044e-05,0.000154613498524862,0.000154613498524862,0.00216458897934807,0.000105669365790097,0.00210829572081576,0.00199164936829777,9.57394398415357e-06,0.289524911999476
"X2039",0.436924441143579,0.710553889132487,0.710553889132487,0.997798249055363,0.485414271187895,0.906625127275636,0.447625470777925,0.972636892980549,0.58437240241314
"X31556",0.455218113089492,0.718530551053022,0.718530551053022,0.997798249055363,0.495664339622666,0.907565898746763,0.994017784019282,0.556373788389103,0.49230543713881
"X21666",0.939950274446032,0.970076885806482,0.970076885806482,0.997798249055363,0.6698943424752,0.929853250815197,0.941855721994397,0.998137624685913,0.960158823238761
"X41821",0.684967919554665,0.884487294274515,0.884487294274515,0.997798249055363,0.596584117735158,0.923584033551093,0.980733233399351,0.796490413175861,0.684764699461475
"X137",0.783605272231185,0.931073423093881,0.931073423093881,0.997798249055363,0.628499649925056,0.927128875780311,0.887044782630958,0.974175480583037,0.773189857653704
"X1878",0.729080684904808,0.907873101211309,0.907873101211309,0.997798249055363,0.611510184415447,0.925405593385232,0.936602397940388,0.70766450648826,0.894745799478429
"X31547",0.268853314981682,0.554940816821164,0.554940816821164,0.997798249055363,0.377770981779104,0.883492119124806,0.599818462520763,0.241362852771595,0.787715442011283
"X2706",0.866341329918564,0.965266118455978,0.965266118455978,0.997798249055363,0.651618069198574,0.929528285169316,0.853844397353951,0.963864633658156,0.958416859333276
"X18488",0.832017524733762,0.938147756220304,0.938147756220304,0.997798249055363,0.642385673228446,0.927638615588497,0.923490050409642,0.973694325817477,0.820470233299217
"X5346",0.926813912429465,0.970076885806482,0.970076885806482,0.997798249055363,0.66677462979235,0.929853250815197,0.990202576095895,0.92195096557907,0.966000401682101
"X21885",0.570209975837418,0.816033832087327,0.816033832087327,0.997798249055363,0.551784869488166,0.917701387044506,0.929643882056348,0.773518383957536,0.549346281037275
"X11303",0.251068668380119,0.542577927640258,0.542577927640258,0.997798249055363,0.365035458055407,0.881152934778718,0.781442770958618,0.580431905477982,0.224544373198692
"X299",0.00695999268503141,0.0521190149902352,0.0521190149902352,0.376234172906693,0.0347385255816236,0.415953248127269,0.967615971146248,0.0120786207375664,0.0233457562493267
"X84721",0.890400705147928,0.970076885806482,0.970076885806482,0.997798249055363,0.657810415236853,0.929853250815197,0.938377995994145,0.991234437420668,0.887294952770237
"X46292",0.053848540700256,0.228147764545822,0.228147764545822,0.966626055049402,0.152711902793224,0.757138613571747,0.183656781331612,0.0528362362742743,0.825196038582766
"X84566",0.0276617550109453,0.137032078669606,0.137032078669606,0.67883583587097,0.0929808800777104,0.65187178126556,0.0205278728201469,0.365786444301411,0.353401904883233
"X1912",0.621058422038909,0.849943918033723,0.849943918033723,0.997798249055363,0.572805157572597,0.920724545122924,0.977507639838022,0.747688922635676,0.622464850915965
"X4945",0.428130838552623,0.70696476930228,0.70696476930228,0.997798249055363,0.480337419442082,0.906195549174243,0.819015388412043,0.394922690070705,0.760558770490896
"X1029",0.440532230831598,0.712537574788208,0.712537574788208,0.997798249055363,0.487468590266923,0.906860868625952,0.986131021911791,0.562252556501328,0.465151526359181
"X127730",0.633251066968036,0.85316670947158,0.85316670947158,0.997798249055363,0.577555685334662,0.921000346758021,0.902817879948088,0.606025477080868,0.858653385876445
"X2439",0.833322956215569,0.938147756220304,0.938147756220304,0.997798249055363,0.642745749795006,0.927638615588497,0.925365400237428,0.821520482984174,0.972997876321498
"X46128",0.365404071156763,0.632281229485457,0.632281229485457,0.997798249055363,0.440997197946833,0.896264972381502,0.740405712768791,0.770862300443889,0.331735862927641
"X4746",0.747655441455556,0.912484335948372,0.912484335948372,0.997798249055363,0.617469782600358,0.92575456808325,0.738938486426074,0.858397859359889,0.974653025822056
"X2810",0.732506583131317,0.907873101211309,0.907873101211309,0.997798249055363,0.612623289242037,0.925405593385232,0.789004285374438,0.758634984689755,0.998476655330418
"X41805",0.402390016280899,0.678374791845286,0.678374791845286,0.997798249055363,0.464883425856992,0.902627129383182,0.75614338344246,0.368685483390234,0.796479524584616
"X17651",0.835350844184477,0.938147756220304,0.938147756220304,0.997798249055363,0.643303665353825,0.927638615588497,0.998061769279045,0.877259713210399,0.84821055395235
"X84207",3.72523412361546e-11,1.71360769686311e-09,1.71360769686311e-09,7.88259540557031e-08,1.17115155059658e-09,7.34507434124579e-08,0.315106968983808,5.36930367944777e-08,7.3093642249944e-11
"X1760",0.0685696064402245,0.266017027394606,0.266017027394606,0.997798249055363,0.179268836238711,0.784252501577123,0.983139460030275,0.132309924360264,0.0918661902383624
"X31359",0.700628318797054,0.888198104931698,0.888198104931698,0.997798249055363,0.602012540622183,0.923878990175258,0.986889439604278,0.797102923363533,0.705862407683642
"X111263",0.0154358599069813,0.0920434609268146,0.0920434609268146,0.548851748489524,0.0622650583817586,0.557080779646512,0.955605004218332,0.0467725537695892,0.0227706697619227
"X42529",0.730863159198683,0.907873101211309,0.907873101211309,0.997798249055363,0.612090123280551,0.925405593385232,0.78799958150803,0.756843390138504,0.998401992002325
"X10962",0.628516027615585,0.85034521383285,0.85034521383285,0.997798249055363,0.575723410592499,0.920758992332987,0.814119869011083,0.60797791267115,0.937444924428296
"X41808",0.198297954135316,0.474574712270943,0.474574712270943,0.997798249055363,0.322643631451813,0.866398218355101,0.88451337494653,0.191270071748509,0.407741518831323
"X47170",0.822675559033954,0.938147756220304,0.938147756220304,0.997798249055363,0.639787546296829,0.927638615588497,0.864616908305118,0.838720675331341,0.998546255083199
"X443",0.625589614516442,0.849957197781833,0.849957197781833,0.997798249055363,0.574583034852455,0.920725685534936,0.699447763181464,0.659781643236796,0.997748267632398
"X4983",0.807816312272804,0.938147756220304,0.938147756220304,0.997798249055363,0.635576300459533,0.927638615588497,0.96129147066139,0.792465207429788,0.922325802243567
"X103828",3.19360279469659e-05,0.000421730400083429,0.000421730400083429,0.00543188755307457,0.000281963264210235,0.00572980755061231,2.20982719222329e-05,0.205770709811248,0.00718821803122616
"X21665",0.667034504923065,0.876673920756029,0.876673920756029,0.997798249055363,0.590183020962936,0.922955446621974,0.644885634904256,0.934373105634723,0.849611779837289
"X120668",0.820371158269581,0.938147756220304,0.938147756220304,0.997798249055363,0.63914084620275,0.927638615588497,0.804226461626406,0.952142519183528,0.94126982358939
"X46365",0.917681184677415,0.970076885806482,0.970076885806482,0.997798249055363,0.664570749681564,0.929853250815197,0.933403500192194,0.999938234599349,0.929510133575531
"X112482",0.0742965971883903,0.278180282496066,0.278180282496066,0.997798249055363,0.188865949807328,0.791721140817582,0.159307667063881,0.0894721316428051,0.95692322712867
"X479",0.828207544085237,0.938147756220304,0.938147756220304,0.997798249055363,0.64133060520103,0.927638615588497,0.817102136664231,0.919285543987681,0.974753743613081
"X657",0.568534989427157,0.816033832087327,0.816033832087327,0.997798249055363,0.551057194780303,0.917701387044506,0.9170853456132,0.787515477171258,0.544317111540843
"X42446",0.404784597694773,0.678857502383942,0.678857502383942,0.997798249055363,0.466359727389749,0.902689630040589,0.706552623340044,0.374767160925176,0.846819945476138
"X2061",0.373797302879319,0.640227295357131,0.640227295357131,0.997798249055363,0.446602881211275,0.897420390930129,0.609138706285056,0.356877640476684,0.904321715846282
"X47259",0.991957917734004,0.99504812931573,0.99504812931573,0.998147967724813,0.681692533700494,0.931493021950438,0.993757861107196,0.992955915855471,0.999975523533736
"X4550",0.745618582392517,0.912484335948372,0.912484335948372,0.997798249055363,0.616825209586584,0.92575456808325,0.726424544532933,0.947688349603206,0.893987677992611
"X18485",0.00562794245864386,0.0453049367920831,0.0453049367920831,0.364704741176269,0.0302280504800991,0.382365001664129,0.229043326956891,0.217765334273329,0.00378833460563843
"X4942",0.811556759900117,0.938147756220304,0.938147756220304,0.997798249055363,0.636645623807591,0.927638615588497,0.912448852783304,0.799112267262327,0.971003475145889
"X2262",0.156198034754605,0.416725545635313,0.416725545635313,0.997798249055363,0.284475687014947,0.850622251967532,0.707848968113915,0.134593373970915,0.487991782576825
"X21664",0.73306523700292,0.907873101211309,0.907873101211309,0.997798249055363,0.612804196264425,0.925405593385232,0.814102315501976,0.991215576760669,0.741566458105376
"X113523",0.101247957938197,0.350557445764509,0.350557445764509,0.997798249055363,0.227720033760707,0.82729645251492,0.2553628189241,0.877683895722096,0.101408759940939
"X469",0.450006798593497,0.713803887424168,0.713803887424168,0.997798249055363,0.492786235814728,0.907010735842961,0.466885733160727,0.980177214780653,0.583731953918122
"X1862",0.862497463040129,0.964320080204588,0.964320080204588,0.997798249055363,0.650607920101534,0.929464026028937,0.931226675128904,0.854982529941217,0.983429225742305
"X113535",0.0844845928759009,0.306758127855856,0.306758127855856,0.997798249055363,0.204687284247573,0.807387225404489,0.0721764477970854,0.335808692280566,0.69481796346935
"X4531",0.188277480853864,0.466348837191879,0.466348837191879,0.997798249055363,0.314299057527779,0.864361275885113,0.330931051615123,0.201108258682314,0.951589074773329
"X43734",0.035879190490836,0.172434318478346,0.172434318478346,0.82013212050528,0.113946779378701,0.702049883780066,0.372000440795944,0.404726058333733,0.0271133655219652
"X42075",0.915084657536047,0.970076885806482,0.970076885806482,0.997798249055363,0.663938831873718,0.929853250815197,0.987161555609411,0.908861223013307,0.962444794764424
"X17250",0.0287512027986276,0.140271019714516,0.140271019714516,0.684352550728398,0.0958671127254758,0.657154307662641,0.0215940413873783,0.431862097543516,0.303392381870868
"X592",0.112790680743011,0.370597951012751,0.370597951012751,0.997798249055363,0.241750553493786,0.835095527009186,0.101403496506497,0.778551522378043,0.34395200690996
"X43707",0.981506061861735,0.99073652639335,0.99073652639335,0.997798249055363,0.679389680797246,0.931215392496207,0.984581901323244,0.984781169063316,0.999999336204227
"X31223",0.012254054930784,0.0822042851606757,0.0822042851606757,0.548851748489524,0.0530886597680636,0.529034651899801,0.0188925405794884,0.0383673212260033,0.958833763040623
"X39",0.320980040420788,0.6115714379615,0.6115714379615,0.997798249055363,0.412055301384279,0.893127589915913,0.308329349148306,0.547817866336145,0.904907460864432
"X87956",0.599589322184789,0.843090662635379,0.843090662635379,0.997798249055363,0.564175370712895,0.920131604332463,0.911661746915072,0.820907705858069,0.573546732581644
"X31222",2.65306868292895e-09,8.54288115903121e-08,8.54288115903121e-08,2.75080773320805e-06,5.83856417911557e-08,2.5632277516881e-06,0.00670673267808342,0.000294708159148116,1.192383414228e-09
"X23635",0.354415098499118,0.630506418324397,0.630506418324397,0.997798249055363,0.433483879201991,0.896003336265777,0.806708038933334,0.691104502021685,0.322900799476689
"X1709",0.81750158546796,0.938147756220304,0.938147756220304,0.997798249055363,0.638332284476084,0.927638615588497,0.915183895798616,0.805448928683475,0.972146865183523
"X4937",0.916067282692152,0.970076885806482,0.970076885806482,0.997798249055363,0.664178253562707,0.929853250815197,0.915445508950119,0.995134894060672,0.949550403507178
"X6330",0.908339454030099,0.970076885806482,0.970076885806482,0.997798249055363,0.662286067927183,0.929853250815197,0.901923837517631,0.986745487388538,0.958457636946431
"X31460",0.587151900830799,0.832876264614613,0.832876264614613,0.997798249055363,0.559014597266286,0.919231211531735,0.918025597581593,0.802732470954658,0.562631891520205
"X21763",0.547561074487183,0.808281994759339,0.808281994759339,0.997798249055363,0.541741187765836,0.916977629668901,0.870465835908603,0.821288070604243,0.516760761415263
"X18266",0.118611340671265,0.378147046496508,0.378147046496508,0.997798249055363,0.248336794341991,0.83785378495314,0.101818384233503,0.706246046685288,0.41026756531177
"X1925",0.515406322591629,0.782834131483512,0.782834131483512,0.997798249055363,0.526683578480257,0.914509517301304,0.952523363220796,0.692151197143805,0.507024612665017
"X1870",0.606359937501391,0.844186655965985,0.844186655965985,0.997798249055363,0.566934310040417,0.920227024323666,0.95290736010698,0.592684988106514,0.77425753659656
"X105450",0.933007872693498,0.970076885806482,0.970076885806482,0.997798249055363,0.668252927951184,0.929853250815197,0.926455939518132,0.98253140932848,0.979539708968118
"X95550",0.999270019699463,0.999270019699463,0.999270019699463,0.999270019699463,0.683284036772937,0.931762711570986,0.999669685381781,0.999218574254347,0.999904287054255
"X21511",0.24988116746421,0.542577927640258,0.542577927640258,0.997798249055363,0.364153509411186,0.881152934778718,0.98056446959392,0.277865652934457,0.370993742954958
"X51865",0.193543481565416,0.474574712270943,0.474574712270943,0.997798249055363,0.318737665825234,0.866398218355101,0.995679194627565,0.27779295528328,0.239671418459056
"X5576",0.872249638621723,0.965887722884858,0.965887722884858,0.997798249055363,0.653159404718579,0.929570443615931,0.998195037499867,0.906686616745437,0.8813693938281
"X46377",0.0220056059597905,0.114287179339557,0.114287179339557,0.589925957743538,0.0777092305498318,0.609634562461474,0.0160945606625585,0.352350710363918,0.32034059510135
"X16879",0.924312922397971,0.970076885806482,0.970076885806482,0.997798249055363,0.666173983690154,0.929853250815197,0.987088168028058,0.968694900895941,0.918174978544599
"X1064",0.73774042715762,0.910162519328558,0.910162519328558,0.997798249055363,0.614311549436478,0.925579263882588,0.775200322797682,0.999959525139246,0.780127966361251
"X31563",0.340727722102698,0.619585482672321,0.619585482672321,0.997798249055363,0.4238383673029,0.894363908496196,0.600791099689002,0.877682606640827,0.319906168854146
"X1913",0.5619764050965,0.81146368807656,0.81146368807656,0.997798249055363,0.54818502434011,0.917276226016672,0.534571330185231,0.900399348634951,0.801217008379529
"X46341",0.206703743171401,0.482308734066602,0.482308734066602,0.997798249055363,0.329324382102093,0.868258340566627,0.456641191602481,0.191747676118035,0.843679445608129
"X119050",0.549977179229671,0.808281994759339,0.808281994759339,0.997798249055363,0.542834008590059,0.916977629668901,0.58989055322708,0.632468766000735,0.997469373852882
"X31285",0.79416918739818,0.936712374879905,0.936712374879905,0.997798249055363,0.631620892962333,0.927535766944249,0.970299084121899,0.900664923770974,0.781656311322615
"X18082",0.87289853217234,0.965887722884858,0.965887722884858,0.997798249055363,0.653327854632024,0.929570443615931,0.948169412373335,0.976514847229043,0.862580687067491
"X41811",0.0369695927316704,0.175061894994086,0.175061894994086,0.82013212050528,0.116562003545294,0.705203594270181,0.93161339355369,0.0453274697006872,0.101984299263513
"X5259",0.342503776135631,0.619585482672321,0.619585482672321,0.997798249055363,0.425108458456786,0.894363908496196,0.612440641145624,0.319783222979898,0.868743617319536
"X61",0.00237739480270101,0.0239225352021789,0.0239225352021789,0.240720510471925,0.0156818144507308,0.246360707764299,0.0239088464274728,0.00264482737110017,0.723461271987573
"X1941",0.121650894807977,0.380306680856005,0.380306680856005,0.997798249055363,0.251656300708306,0.838625970015969,0.6168112966559,0.101242999476696,0.492517676277673
"X34049",0.119946584190647,0.378654903033219,0.378654903033219,0.997798249055363,0.249804857009208,0.838036034715518,0.154141766679123,0.197037618762985,0.990557196695932
"X49400",0.000344121680059672,0.00395739932068622,0.00395739932068622,0.0455100921878916,0.00270465308905633,0.0513024786743878,0.959544257199293,0.000897562170622423,0.00216788188904771
"X3258",0.246269214280068,0.542577927640258,0.542577927640258,0.997798249055363,0.361445552907083,0.881152934778718,0.966871695562686,0.38612266180741,0.264318335204568
"X11481",0.153203245846456,0.416725545635313,0.416725545635313,0.997798249055363,0.281944710838485,0.850622251967532,0.422250948206253,0.136825882286426,0.779480946478669
"X47",0.786557519942745,0.931145299343985,0.931145299343985,0.997798249055363,0.629377241750528,0.927134090920367,0.987674410689501,0.865785382221821,0.786222347322538
"X48620",0.187796577134523,0.466348837191879,0.466348837191879,0.997798249055363,0.313887665584502,0.864361275885113,0.3773023995136,0.901549330201356,0.185372345216376
"X124996",0.977082572624985,0.99073652639335,0.99073652639335,0.997798249055363,0.67840498918772,0.931215392496207,0.994399578763764,0.99282438390814,0.974795179668677
"X84223",0.608233863925803,0.844186655965985,0.844186655965985,0.997798249055363,0.567691750151205,0.920227024323666,0.730746937685513,0.980463200877635,0.613450296448023
"X1873",0.672975212302392,0.880886253501505,0.880886253501505,0.997798249055363,0.592325860913689,0.923295608428455,0.908473461008453,0.883592906098126,0.64717905256851
"X34055",0.0218964993804944,0.114287179339557,0.114287179339557,0.589925957743538,0.077484225622726,0.609634562461474,0.718155034676044,0.0201489394630603,0.124919908914647
"X34081",0.00719292374565779,0.0525793098782646,0.0525793098782646,0.376234172906693,0.0354625157836944,0.418090912954915,0.0725608129439799,0.00635770680562553,0.619608204410133
"X3228",0.262255862926646,0.548353167937533,0.548353167937533,0.997798249055363,0.373147589811199,0.882257250870145,0.976186369680172,0.391922148497969,0.28616188180512
"X129855",0.141282727182596,0.406187840649962,0.406187840649962,0.997798249055363,0.271321812061729,0.847338563125881,0.399929164147071,0.12636590663632,0.779500680469967
"X46369",0.815007921744962,0.938147756220304,0.938147756220304,0.997798249055363,0.637626694680853,0.927638615588497,0.867211496606606,0.82524074443391,0.996274665653448
"X3122",0.00897911333081835,0.0628537933157285,0.0628537933157285,0.439976553210099,0.0421081718966489,0.46204149410198,0.0117657706903459,0.0397102297801208,0.888369443334178
"X2260",0.0738256809108147,0.278180282496066,0.278180282496066,0.997798249055363,0.188096892201782,0.791721140817582,0.358884619054398,0.619091823040696,0.0606361268332125
"X109923",0.622940262906704,0.849943918033723,0.849943918033723,0.997798249055363,0.573545325460385,0.920724545122924,0.59508466871037,0.85589417738638,0.897686493714305
"X17068",0.0847871844073639,0.306758127855856,0.306758127855856,0.997798249055363,0.205134518354955,0.807387225404489,0.576607728946241,0.0688533894008906,0.426551964211809
"X1173",0.618895528734863,0.849943918033723,0.849943918033723,0.997798249055363,0.571951265901689,0.920724545122924,0.976940600978837,0.746839901119519,0.619948801889315
"X5483",0.325992252114901,0.614962298276923,0.614962298276923,0.997798249055363,0.415116855114633,0.893654208907259,0.30531414751507,0.588482241009534,0.872729422805133
"X88502",0.88841842573516,0.970076885806482,0.970076885806482,0.997798249055363,0.657308554309907,0.929853250815197,0.987062957385547,0.882397806728854,0.944087468320885
"X3105",0.638706254784736,0.856930891836188,0.856930891836188,0.997798249055363,0.579647107377133,0.921320059959021,0.786410536701104,0.963560625706132,0.628841296840639
"X18386",0.198967658871358,0.474574712270943,0.474574712270943,0.997798249055363,0.323186287988628,0.866398218355101,0.184820121083346,0.843822156112012,0.444752223198214
"X6491",0.530660059266807,0.801615997967632,0.801615997967632,0.997798249055363,0.533948158453285,0.916344995178832,0.998911849127651,0.578821595498249,0.60670222695606
"X120464",0.691003087022682,0.884487294274515,0.884487294274515,0.997798249055363,0.598693556459099,0.923584033551093,0.675640533289366,0.839027960172196,0.95736529353981
"X104303",0.277759575120061,0.563230355921238,0.563230355921238,0.997798249055363,0.383832722691614,0.885009685367789,0.997991346286735,0.363221151813116,0.332095707123701
"X13146",0.464484106594308,0.726881825693678,0.726881825693678,0.997798249055363,0.50070189748606,0.908530750988448,0.834240089673644,0.431591250356847,0.781746362381063
"X4577",0.0187151638760707,0.104106064805809,0.104106064805809,0.577968152887423,0.070486988292434,0.587216956102544,0.0139845147332254,0.222869224151894,0.445902717745101
"X12762",0.959317750586944,0.983758967162407,0.983758967162407,0.997798249055363,0.674388764425442,0.930761299912844,0.976664565949967,0.99727977420259,0.958527698617438
"X5396",0.70443509749848,0.889521966252983,0.889521966252983,0.997798249055363,0.603310098166317,0.923983667991132,0.682240128996666,0.934167779649345,0.879082108379998
"X107054",0.11853832342326,0.378147046496508,0.378147046496508,0.997798249055363,0.248256063837237,0.83785378495314,0.129636818159698,0.93955757909194,0.242171641692331
"X66261",0.0380156925281034,0.177406565131149,0.177406565131149,0.82013212050528,0.119035722112182,0.707961911052297,0.0290297363613768,0.340216381998695,0.45489004499959
"X103870",3.27430434847383e-05,0.000421730400083429,0.000421730400083429,0.00543188755307457,0.000288228287545372,0.00572980755061231,0.00402243679924841,0.314224333574015,2.74190195344026e-05
"X2040",0.283481981652251,0.570507488075156,0.570507488075156,0.997798249055363,0.387622828981609,0.88630969231655,0.499165032315748,0.907799228280378,0.274721857617114
"X7408",0.143614185024232,0.409236881219493,0.409236881219493,0.997798249055363,0.273471593735154,0.848303433578825,0.170893838188617,0.97947924238422,0.241957943673931
"X107094",0.0442066662061804,0.19770203497764,0.19770203497764,0.879355580722723,0.133006079604443,0.729842375868859,0.933234367728721,0.116387178423524,0.053269194633062
"X107058",0.305239049086324,0.602987569360715,0.602987569360715,0.997798249055363,0.402108473483421,0.891770859436249,0.678132334557449,0.273396219202605,0.758623265556879
"X107197",0.6889009382705,0.884487294274515,0.884487294274515,0.997798249055363,0.597961312348389,0.923584033551093,0.821479298168229,0.968082531512039,0.679006235148526
"X17287",0.615641343917393,0.849943918033723,0.849943918033723,0.997798249055363,0.570660090763253,0.920724545122924,0.603427669690913,0.956897981220015,0.776558864288639
"X31962",0.936276311019707,0.970076885806482,0.970076885806482,0.997798249055363,0.669027724134566,0.929853250815197,0.955196282352642,0.940014091804795,0.998798754456794
"X21827",0.250244595011122,0.542577927640258,0.542577927640258,0.997798249055363,0.364423859645852,0.881152934778718,0.235550106419265,0.494335680248419,0.870021188692256
