"","p.values.getdata.....left.out._p.values","p.values.getdata.....left.out..1_p.values","p.values.getdata.....left.out._adjusted.p.values","p.values.getdata.....left.out..1_adjusted.p.values","p.values.getdata.....left.out._q.values","p.values.getdata.....left.out..1_q.values","post.hoc.0.17.1","post.hoc.0.17.6","post.hoc.1.6","post.hoc.0.17.24","post.hoc.1.24","post.hoc.6.24"
"z.C30.FAME.internal.standard",0.296945755373764,0.505907583229375,0.505907583229375,0.849581001701227,0.241391699163143,0.548350787369135,1,1,1,1,0.776021075203791,0.775984529261762
"z.C28.FAME.internal.standard",0.342820519795264,0.543784272778695,0.543784272778695,0.86255436371793,0.262935730109397,0.566161739900112,1,0.680688177212792,1,1,1,1
"z.C26.FAME.internal.standard",0.253795166118727,0.466529003588872,0.466529003588872,0.834568550864538,0.218631007239498,0.528213893708218,1,1,1,1,0.95326310476619,0.415792619810098
"z.C24.FAME.internal.standard",0.259646485553897,0.466529003588872,0.466529003588872,0.834568550864538,0.221875404613913,0.528213893708218,0.714715131951585,0.717571505926059,1,1,1,1
"z.C22.FAME.internal.standard",0.259744995201167,0.466529003588872,0.466529003588872,0.834568550864538,0.221929579572771,0.528213893708218,0.994691511548358,0.552239399338611,1,1,1,1
"z.C20.FAME.internal.standard",0.260792610701854,0.466529003588872,0.466529003588872,0.834568550864538,0.222504806414012,0.528213893708218,0.602509544935158,0.6356282796622,1,1,1,1
"z.C18.FAME.internal.standard",0.116009770576569,0.259410736983716,0.259410736983716,0.58007123131081,0.123474385836926,0.383686028578914,0.133804753341369,0.5170040868856,1,0.898514613782274,1,1
"z.C16.FAME.internal.standard",0.283285444000255,0.498458540809193,0.498458540809193,0.849581001701227,0.234468742493316,0.544674497860693,0.419348082157601,1,1,1,1,1
"z.C14.FAME.internal.standard",0.0139337971011484,0.0472282385954714,0.0472282385954714,0.158821626679883,0.0225016275443077,0.109704768048282,0.13465980109309,0.605338899604728,1,1,0.0779198079350982,0.387726296539059
"z.C12.FAME.internal.standard",0.00571336587124714,0.0219012358397807,0.0219012358397807,0.0839547373858261,0.0104777113644664,0.0577962550884198,0.0475232630966451,0.436102653372098,1,1,0.0394640420105885,0.377644526518971
"z.C10.FAME.internal.standard",0.0162948498991459,0.0529994107830805,0.0529994107830805,0.172277061925164,0.0254418559516285,0.119839612801521,0.0248895409861127,0.410653160849747,1,0.788525497259529,0.926699683211826,1
"z.C09.FAME.internal.standard",0.0569901834752046,0.14564157999219,0.14564157999219,0.372195148868929,0.0694925041597141,0.258995514783773,0.0746475707713391,1,1,1,0.524354362488278,1
"z.C08.FAME.internal.standard",0.128727112059177,0.284503571656225,0.284503571656225,0.623198299818399,0.134094911741701,0.405741344301026,0.138947611702927,0.766538489418259,1,1,0.783970515636582,1
"xylulose.NIST",0.00140781319396738,0.0059962343316199,0.0059962343316199,0.0254050980892317,0.00287532345539461,0.0177869850286913,1,1,1,0.230804217669411,0.0953073394240394,0.117783830861683
"valine",0.0141169332923287,0.0473505470846857,0.0473505470846857,0.158821626679883,0.0227368840857511,0.109925290562583,0.128475669871871,1,0.0792894906273808,1,0.0194608374478335,1
"urea",0.00591075942879498,0.0223913474831998,0.0223913474831998,0.0848236928187099,0.0108045266226796,0.0589344457793966,1,1,0.359949593833165,0.038650416627304,0.00242542659230516,0.449793915959412
"uracil",0.916835838442534,0.94826901606498,0.94826901606498,0.973932965619026,0.463629152941311,0.694722996706098,1,1,1,1,1,1
"UDP.N.acetylglucosamine",0.00567879791568003,0.0219012358397807,0.0219012358397807,0.0839547373858261,0.0104202596870759,0.0577962550884198,1,0.0723481614572321,0.0528948492326849,0.856881575388557,0.685591616877993,1
"UDP.glucuronic.acid",2.70646620165731e-08,2.29337399193067e-07,2.29337399193067e-07,1.94333269842546e-06,1.11291882402393e-07,1.3717408307958e-06,4.95792452083975e-05,9.36741291838437e-07,1,1,0.000143773805747112,2.94682706291269e-06
"tyrosine",0.0296278080701838,0.084911288744817,0.084911288744817,0.241959601556027,0.0410201625254304,0.170792096035025,0.0395942367567094,0.199743740444803,1,0.760188331270818,1,1
"tryptophan",0.0168507202466583,0.0540372150759055,0.0540372150759055,0.172277061925164,0.0261059435254009,0.121605261025946,0.0177611332154761,0.235125879607664,1,0.614900722577379,0.947747607647213,1
"trans.4.hydroxyproline",1.10095459159326e-05,6.95112506849077e-05,6.95112506849077e-05,0.000438874955304712,3.33171071795328e-05,0.000304798238104933,1,0.000967074732607059,0.0365918915132393,0.659594698807508,0.0416488855271249,2.3667109906985e-06
"threonine",5.37678415221075e-10,5.77108165670621e-09,5.77108165670621e-09,6.19429431153133e-08,2.63459397141835e-09,4.0567937629092e-08,0.000331014108951604,0.000127912697947449,1,0.517853626717519,4.27442499844125e-07,1.46407141435399e-07
"taurine",2.8284519819675e-05,0.000168659544109914,0.000168659544109914,0.000996001717017314,8.0348573482022e-05,0.000693265344389188,1,1,1,9.25257970657373e-05,0.00120274377872258,0.0001923594750219
"tagatose",0.310999338230299,0.514497811589252,0.514497811589252,0.849581001701227,0.248260900409116,0.55251725759149,1,1,1,0.480154796288162,1,1
"sucrose",0.82857773382206,0.91370558318734,0.91370558318734,0.973932965619026,0.438572235742548,0.686791961367099,1,1,1,1,1,1
"succinic.acid",3.53140032534733e-07,2.62225451937555e-06,2.62225451937555e-06,1.91901353463392e-05,1.25551517084451e-06,1.3545746554051e-05,0.0229695691426535,3.46979397330918e-07,0.0168481103088583,1,0.0788130897796552,2.080945386085e-06
"stearic.acid",0.0255835502193864,0.075577093308646,0.075577093308646,0.22326444078334,0.0365123693935755,0.156643249170741,0.192876160219373,1,0.326106286592312,0.0944835749883247,1,0.167263874306519
"sorbitol",0.216062868154626,0.432125736309252,0.432125736309252,0.834568550864538,0.19637842518668,0.50909199674233,1,1,1,1,1,1
"sophorose",0.016949561250517,0.0540372150759055,0.0540372150759055,0.172277061925164,0.026222951017761,0.121605261025946,1,1,1,0.306133147474917,0.384243917897417,0.0301551202918407
"serine",1.17496023681189e-07,9.27035068950208e-07,9.27035068950208e-07,7.28061688297481e-06,4.47505265993648e-07,5.12410656451486e-06,0.0694581835950637,0.000478902884998052,0.68053592763827,1,0.00351034347872626,1.14362981292152e-05
"salicylaldehyde",0.108055987193012,0.243314880252796,0.243314880252796,0.547883856233569,0.116594063588828,0.368655702677692,0.576626157350695,1,0.372383979463295,1,1,0.791458502770335
"saccharic.acid",0.0101169490390528,0.0361961954508333,0.0361961954508333,0.129501943724092,0.0172968766961531,0.0887069414465884,1,0.033995643621044,0.722578842411402,0.0324264629267894,0.699517449937401,1
"ribulose.5.phosphate",7.19098203268833e-05,0.000379589543364859,0.000379589543364859,0.0020037349666145,0.000182328568270109,0.00139675204917998,0.560681763975054,0.0219987421672539,1,0.44073426094374,0.0046586031134947,4.90091303281751e-05
"ribose.5.phosphate",0.0729267629071242,0.172664835706574,0.172664835706574,0.408809390422917,0.0837900606621398,0.292972201200718,0.495383616099795,1,0.627741995304354,0.71115811198825,1,0.887167124288625
"ribose",6.24956656710852e-05,0.000346958695622231,0.000346958695622231,0.00192621896535101,0.000161884187274507,0.00129683967434206,1,1,1,0.0616505617811106,0.0261013008869483,0.0511647278965743
"ribitol",0.0460572688894849,0.121560988380444,0.121560988380444,0.320841297200844,0.0588711772430056,0.226229839288971,0.351936211278916,1,1,1,0.0254924644950868,0.42194443625054
"pyrophosphate",0.000134854728521197,0.000668049578212698,0.000668049578212698,0.00330941483360752,0.00032418827177344,0.00233601763454033,1,0.00325680700756237,0.0676413801081728,1,0.427312823202258,0.000204901328480142
"putrescine",3.05116796663648e-24,3.27492028418982e-22,3.27492028418982e-22,3.51508110503041e-20,1.58923945430477e-22,2.48119134682176e-20,1,4.13091827901136e-22,1.21088315778487e-20,5.66932357128096e-07,1.20755718812063e-08,2.49085185457489e-30
"propane.1.3.diol.NIST",0.370036938150772,0.567389971831183,0.567389971831183,0.868745027568905,0.274603837076442,0.576568461650403,0.761866391564926,1,1,1,1,1
"proline",0.0157144609916602,0.0521655303022123,0.0521655303022123,0.172277061925164,0.0247373199643668,0.118408635087832,0.843910984245319,0.0235293872295521,0.836159333146934,0.051166319407854,1,1
"phosphoethanolamine",0.918704643646359,0.94826901606498,0.94826901606498,0.973932965619026,0.464135558110102,0.694722996706098,1,1,1,1,1,1
"phosphoenolpyruvate",4.56974363950197e-11,5.88582980767854e-10,5.88582980767854e-10,7.58094879228996e-09,2.82826830917868e-10,5.2424510558381e-09,2.90218321016286e-05,0.011040307458779,0.53417422869353,0.0143182589886215,7.86550889246042e-11,1.01707416284665e-07
"phosphate",0.000592750352371311,0.00268824807695158,0.00268824807695158,0.01219177296871,0.00129835622312229,0.00855123431854891,1,1,1,0.00071016054633152,0.004587414618674,0.00436857988002234
"phenylalanine",1.46565303897894e-07,1.12366732988385e-06,1.12366732988385e-06,8.61478286244287e-06,5.4528852588743e-07,6.08091934563105e-06,0.0612793154609583,1,0.0663770510868386,0.0009077290470529,3.52203334144399e-08,0.000818950265772093
"pentadecanoic.acid",0.311574761676721,0.514497811589252,0.514497811589252,0.849581001701227,0.248536888352732,0.55251725759149,1,0.756600694929319,0.539757571819644,1,1,1
"pelargonic.acid",0.00835025807370998,0.0309055528705128,0.0309055528705128,0.114386069244887,0.0146751169874987,0.0777946429732002,1,1,1,0.0491799457896824,0.0475336946494392,0.0441930466459508
"pantothenic.acid",1.2711293036235e-26,4.09303635766767e-24,4.09303635766767e-24,1.31795770716899e-21,1.98625135973915e-24,9.30307199405703e-22,1.02488988322853e-07,2.34546769059115e-08,1,2.7766101694399e-21,3.4358641611078e-30,1.24269435953082e-30
"palmitoleic.acid",0.482163232349222,0.663609266192051,0.663609266192051,0.894937766419711,0.318349667379201,0.614282318023056,1,1,1,1,1,1
"palmitic.acid",0.269884847630316,0.478393987179635,0.478393987179635,0.8463893619332,0.227428677719557,0.534467752682488,0.358885247930536,1,1,1,1,1
"oxoproline",8.90213269265489e-09,7.96246313065243e-08,7.96246313065243e-08,7.12198091130579e-07,3.86399040665822e-08,5.02719478764595e-07,1,1,1,2.65168322788086e-06,2.65612558648509e-08,5.20739273201636e-06
"ornithine",0.000729828469359428,0.00321924338539364,0.00321924338539364,0.014199950275298,0.00156222080451125,0.0100233231312777,0.879399528467906,0.00989153904907584,0.448712028891621,0.000534816952537505,0.0526549847554583,1
"oleic.acid",0.92613995098736,0.94973587330551,0.94973587330551,0.973932965619026,0.466140927964985,0.695050711153906,1,1,1,1,1,1
"oleamide.NIST",0.0186635374484468,0.0589182260627437,0.0589182260627437,0.18599675286474,0.0284008747766979,0.130061626057945,0.266824599245749,0.0605590838959237,1,1,0.295333178976377,0.0682711587951509
"octanol.NIST",0.841751925471702,0.913800785248399,0.913800785248399,0.973932965619026,0.442460070776413,0.686814372669647,1,1,1,1,1,1
"octadecanol",0.509294406139147,0.675372289565185,0.675372289565185,0.894937766419711,0.327615099629749,0.618437028404827,1,1,1,1,1,1
"N.methylalanine",0.890863633251277,0.940071984118853,0.940071984118853,0.973932965619026,0.456490852239659,0.692878632115985,1,1,1,1,1,1
"N.acetylgalactosamine",0.0214822868573518,0.06651246507757,0.06651246507757,0.205868635190762,0.0318312748439016,0.142596014071961,0.0823912582993558,1,1,0.0417245049714091,1,0.899905973510986
"N.acetylaspartic.acid",0.00402603332807797,0.0158095455078184,0.0158095455078184,0.0620813860185062,0.00759472658002575,0.0431322757194954,1,1,1,0.0105190357303012,0.0277756684871469,0.0461828286846294
"myristic.acid",0.493259009677926,0.671344629680493,0.671344629680493,0.894937766419711,0.322197417484929,0.617024569080135,1,0.980713434068739,1,1,1,1
"myo.inositol",0.00150305833264407,0.0062855166637843,0.0062855166637843,0.0262848878667343,0.00305020892294705,0.0185537216292929,1,0.510159137964961,0.150676571919824,0.0892508941395343,0.327128577228846,0.000404596576315574
"methionine",6.56814158239839e-10,6.51015486198697e-09,6.51015486198697e-09,6.3523329259388e-08,3.11849475045933e-09,4.48392313492122e-08,0.111431786356816,1,0.00225569529298403,8.55306129242339e-06,4.63657948084747e-10,0.00110884146348778
"methanolphosphate",5.94957364043152e-11,7.36831812391904e-10,7.36831812391904e-10,9.12537859962281e-09,3.50851593788864e-10,6.27422757991026e-09,1,1,1,1.09808507437119e-09,2.14805821325562e-09,1.13528926783218e-11
"malic.acid",3.36480635740438e-20,1.08346764708421e-18,1.08346764708421e-18,3.48876582361116e-17,5.25780593964887e-19,2.46261617128649e-17,2.52695858937291e-14,9.32649853229772e-21,0.00171484067766311,0.860346196834915,1.1486324517898e-11,2.3393279949353e-18
"lysine",0.497572664900453,0.673186546630025,0.673186546630025,0.894937766419711,0.323671194513288,0.617671806037826,1,1,1,0.861722769337409,1,1
"leucine",2.1230628297501e-06,1.39515557383578e-05,1.39515557383578e-05,9.16816519949228e-05,6.76826577482096e-06,6.46402258377308e-05,0.793331165029392,0.34915160424754,0.00579592587816186,0.000958338894427604,3.41770902114319e-06,0.252682055876479
"lauric.acid",0.184202784641657,0.390219056938247,0.390219056938247,0.826648265356022,0.175587104283765,0.48359680348718,1,1,0.306471231486497,1,1,1
"lactic.acid",1.18038626791797e-07,9.27035068950208e-07,9.27035068950208e-07,7.28061688297481e-06,4.49372935767743e-07,5.12410656451486e-06,1,0.0014843157152421,0.00416564939016793,3.5612603464094e-06,1.20912904504375e-05,0.630728180212396
"isothreonic.acid",3.47448780091261e-05,0.000199783048552475,0.000199783048552475,0.00114875252917673,9.64890823513479e-05,0.000805373992177591,1,0.0162264130308772,0.194706323448226,1,0.212750276132732,0.000301988218936323
"isoleucine",6.91592310304657e-05,0.000371154539863499,0.000371154539863499,0.00199186269726745,0.000176445232598531,0.00137122378756717,0.336119895362536,1,0.0135049178844777,0.0306777907074166,4.72182944322518e-05,0.60601891712008
"inositol.4.monophosphate",0.0424196851955763,0.11478267758803,0.11478267758803,0.310588421708787,0.0551549873339284,0.216610241794384,0.152244061432933,0.376931017077089,1,0.0517672220944417,1,1
"hydroxylamine",0.948590989180154,0.966602210493701,0.966602210493701,0.984955417022062,0.472106109733768,0.698768923611971,1,1,1,1,1,1
"hydroquinone",0.746497376013789,0.876780825700724,0.876780825700724,0.973932965619026,0.413072751910853,0.677850806342412,1,1,1,1,1,1
"homoserine",9.57412179342488e-05,0.000489344002775049,0.000489344002775049,0.00250109156973914,0.000235625067149274,0.00174982178527321,1,0.00183407940213342,0.0823396996592281,1,0.0922101383271098,2.40872896805217e-05
"hexose.6.phosphate",7.45955519903993e-05,0.000387415608724332,0.000387415608724332,0.00201206170982637,0.00018800340685255,0.00142025459854913,0.220522416231971,0.231005726501499,1,0.000963798408465059,0.398072242120048,0.381333689709917
"hexitol",0.235505356595049,0.446645195242611,0.446645195242611,0.834568550864538,0.208142293139987,0.517348015407557,1,1,1,0.377707503684239,0.710647845870444,0.491881468088155
"heptadecanoic.acid",0.214929020010727,0.432125736309252,0.432125736309252,0.834568550864538,0.195671738864454,0.50909199674233,1,1,1,1,1,0.234549227210901
"glycolic.acid",0.190515125254728,0.400953400862891,0.400953400862891,0.834568550864538,0.179865998736127,0.490376340475098,1,1,0.431832438369667,1,0.349134772546887,1
"glycine",6.66363702559347e-10,6.51015486198697e-09,6.51015486198697e-09,6.3523329259388e-08,3.15598596688527e-09,4.48392313492122e-08,0.00592110078503909,3.15345926163952e-08,0.0111260142688202,1.3169770119808e-08,0.00578639837821439,1
"glycerol.alpha.phosphate",1.43147177170247e-05,8.86411366323455e-05,8.86411366323455e-05,0.00054889319222337,4.27847539905762e-05,0.0003837371987147,0.992955723387971,1,1,0.000426395974250836,0.0366949755884133,0.0252967734178756
"glutathione",0.107749908746111,0.243314880252796,0.243314880252796,0.547883856233569,0.11632550225331,0.368655702677692,0.25713024130679,0.210273647124907,1,0.387713133874993,1,1
"glutamine",8.826205865783e-22,4.00804499669329e-20,4.00804499669329e-20,1.61323811116905e-18,1.81190995551975e-20,1.13873686614725e-18,1,1,0.749897946868425,6.65347533314736e-21,7.16060444570459e-23,1.8106895080082e-20
"glutamic.acid",1.55545051295998e-09,1.4731031328621e-08,1.4731031328621e-08,1.39511531994587e-07,7.14861253358285e-09,9.84770466523338e-08,0.00777565662009054,1,0.0572546763565858,5.24065226180567e-05,6.56264195778143e-11,3.74438210375657e-06
"glucose.6.phosphate",0.000102932824718793,0.000517880774366428,0.000517880774366428,0.00260558764603109,0.000251314990237279,0.00183920692796137,0.029395455785552,0.0116307115710482,1,0.00436504379916512,1,1
"glucose.1.phosphate",3.5832049333082e-07,2.62225451937555e-06,2.62225451937555e-06,1.91901353463392e-05,1.27251657438482e-06,1.3545746554051e-05,1,0.000140440410172599,0.000426280644133803,1,1,0.00033154301895953
"glucose",0.00949078925336676,0.034727660677092,0.034727660677092,0.127071667477541,0.0163841168991884,0.085736182021986,1,0.270155554208233,1,0.0150008397695703,0.206603039380177,1
"glucosaminic.acid",0.974693764426215,0.986927093520183,0.986927093520183,0.995671324403562,0.478876103956099,0.703130855840411,1,1,1,1,1,1
"glucosamine.NIST",0.337251168176371,0.541633979000762,0.541633979000762,0.86255436371793,0.260450966626521,0.565188291573885,1,1,1,1,0.399968415528357,1
"gluconic.acid",2.8533262633733e-10,3.16817605795243e-09,3.16817605795243e-09,3.51776789882994e-08,1.499840624222e-09,2.40136064573903e-08,0.629402076545088,0.0517833004829388,1,4.46039648988478e-05,6.78870739776582e-08,8.35098328345687e-10
"glucoheptulose",0.194661974799574,0.407020492762746,0.407020492762746,0.834568550864538,0.182632688020995,0.494130001952709,1,0.619321423673745,1,1,1,1
"fumaric.acid",9.95787576818208e-22,4.00804499669329e-20,4.00804499669329e-20,1.61323811116905e-18,1.9450071118142e-20,1.13873686614725e-18,7.88740554337961e-14,6.40423373596396e-20,0.0038475800137769,1,4.79524005223206e-13,3.28563030341455e-19
"fructose.6.phosphate",1.82876028901032e-06,1.22679336054442e-05,1.22679336054442e-05,8.22973879365218e-05,5.89881508953009e-06,5.74622473638901e-05,0.0416143441259963,0.324728644669744,1,6.62075141915618e-05,0.322876721853068,0.0413174759485381
"fructose.1.phosphate",1.20910972948754e-14,2.04912280471046e-13,2.04912280471046e-13,3.47272391114089e-12,9.94389641690818e-14,2.45129266175189e-12,1,1,1,0.433139629283627,0.034581763850211,0.0213772271749272
"fructose",0.206124693182834,0.422752555445047,0.422752555445047,0.834568550864538,0.190103543034103,0.50361054389754,1,1,1,1,1,1
"erythritol",0.989496633404069,0.992579177433365,0.992579177433365,0.995671324403562,0.482638762086399,0.704321493027365,1,1,1,1,1,1
"dodecanol",0.586121787541701,0.739368051155281,0.739368051155281,0.927028357535022,0.356944820039138,0.63955914658454,1,1,1,1,1,1
"cytidine.5.monophosphate",0.484311110419665,0.663609266192051,0.663609266192051,0.894937766419711,0.31910097088433,0.614282318023056,1,1,1,1,1,1
"cysteine",0.336033248246044,0.541633979000762,0.541633979000762,0.86255436371793,0.259903010963908,0.565188291573885,0.899966114262836,1,1,0.850263090293428,1,1
"creatinine",0.432589386889782,0.621847243654062,0.621847243654062,0.893905412752714,0.300092476605058,0.598771716670672,1,1,1,1,1,1
"citrulline",0.199899742259741,0.415275593597656,0.415275593597656,0.834568550864538,0.186078185512962,0.49914944452876,1,1,0.522147238885839,1,0.418768049121513,1
"citric.acid",3.42847924652052e-13,5.51985158689804e-12,5.51985158689804e-12,8.88696105490584e-11,2.67865021513808e-12,6.27304184743231e-11,0.00117563431512213,1.73993286840089e-06,1.48827254314887e-13,0.0796323559952378,1,4.90251186622632e-11
"citramalic.acid",0.323594299139213,0.528920631080337,0.528920631080337,0.86255436371793,0.254210158850791,0.559342431433283,1,1,1,1,0.804873316680157,1
"cholesterol",0.7808225507359,0.901164377551828,0.901164377551828,0.973932965619026,0.424012914218925,0.68381135598286,1,1,1,1,1,1
"capric.acid",0.770462239269647,0.892405903038944,0.892405903038944,0.973932965619026,0.42075407800706,0.681695904889934,1,1,1,1,1,1
"bisphosphoglycerol.NIST",9.85906670011856e-12,1.44300885338099e-10,1.44300885338099e-10,2.11204023085763e-09,7.00257228786711e-11,1.49082646697509e-09,1,0.0144204649728371,0.0161714742217874,0.00638331623215261,0.00565515272283753,4.96060004155305e-08
"beta.glycerolphosphate",0.361286376060186,0.562560974804283,0.562560974804283,0.867678501027193,0.270935769366746,0.574480388322007,1,1,1,1,1,0.903847553650158
"beta.alanine",4.91141336631845e-22,2.63579183992424e-20,2.63579183992424e-20,1.41454162075934e-18,1.22430412756615e-20,8.90993234002016e-19,0.000206717883277154,0.00472281749659245,1.617310155917e-10,3.53497402658057e-20,9.75031693301573e-27,3.1401681963803e-14
"benzoic.acid",0.463559956911227,0.651817930678668,0.651817930678668,0.894937766419711,0.311708652432461,0.610025800306264,1,1,1,1,0.870772173972879,1
"aspartic.acid",1.21451023123849e-22,7.82144588917589e-21,7.82144588917589e-21,5.03701115262928e-19,3.79555815657455e-21,3.55547656293419e-19,2.22278265735523e-17,1.02489164797232e-14,0.768367559475965,0.000847326397859878,9.20142389618834e-24,1.97483962479055e-21
"asparagine",5.3032875904607e-17,1.21975614580596e-15,1.21975614580596e-15,2.80543913535371e-14,5.91918099779064e-16,1.98027615826933e-14,0.000500387182436067,0.0134193257144602,1,3.99613253181856e-11,1.8471653351867e-18,9.24213956353271e-17
"alpha.ketoglutarate",1.58374642999754e-12,2.4284111926629e-11,2.4284111926629e-11,3.72356382874977e-10,1.17844910524591e-11,2.62835310912478e-10,0.474918994429157,5.43592969818536e-11,8.9526273358372e-08,1.42361017418134e-06,0.00108735604954712,0.0967151156906215
"alpha.aminoadipic.acid",6.50401067070329e-11,7.75663494802392e-10,7.75663494802392e-10,9.25050538245816e-09,3.76410697736676e-10,6.52965699022888e-09,1,0.577003176528311,1,1.35823526060534e-06,2.89405609174782e-07,1.35113003182575e-09
"alanine",5.08370731484943e-25,8.18476877690758e-23,8.18476877690758e-23,1.31774777308212e-20,3.97186994975703e-23,9.30159013169261e-21,1.89939735792311e-07,1.40581698607145e-22,4.23496345641681e-12,5.25499215161148e-29,4.94318480495328e-20,0.00010884308518197
"adipic.acid",0.0810373714588922,0.189087200070748,0.189087200070748,0.441203466831746,0.0917358663619719,0.312139399349296,0.652725554914103,0.111883742938958,1,1,1,1
"adenosine.5.monophosphate",0.0014152602770283,0.0059962343316199,0.0059962343316199,0.0254050980892317,0.00288907863913833,0.0177869850286913,0.489010554169742,0.00240479371843647,0.327814865080319,0.0194192370627287,1,1
"adenosine",0.80355677038693,0.903296415610469,0.903296415610469,0.973932965619026,0.431037016079251,0.684322062589494,1,1,1,1,1,1
"adenine",1.59952907902301e-16,3.43365575630272e-15,3.43365575630272e-15,7.37091435686317e-14,1.66626993235866e-15,5.20290951302387e-14,0.00943369756796671,3.70054061331097e-14,3.23745262879002e-08,0.11003364899107,1.62265912704161e-06,2.54389724837558e-18
"X5..deoxy.5..methylthioadenosine",3.26649149104e-18,8.76508550095734e-17,8.76508550095734e-17,2.35196460942355e-15,4.25348359339444e-17,1.66018195955176e-15,0.363009317128324,1.63622396268145e-11,4.63067255033336e-08,2.82586931722712e-06,1.15938866254686e-09,4.86888735124878e-21
"X3.6.anhydro.D.galactose",0.494126326814524,0.671344629680493,0.671344629680493,0.894937766419711,0.322494721901301,0.617024569080135,1,1,1,1,1,1
"X3.phosphoglycerate",8.41531762181685e-08,6.94803147237186e-07,6.94803147237186e-07,5.73657983103523e-06,3.29475740146655e-07,3.9399868382855e-06,0.00180806574118054,1.8938127230874e-05,1,0.00106102482053213,1,1
"X3.hydroxy.3.methylglutaric.acid",0.00212714669299586,0.00867014221702109,0.00867014221702109,0.0353390606820354,0.00420478011095003,0.024911757535581,1,0.00737745635632472,0.0176947984177168,1,1,0.0571762748171811
"X3.aminoisobutyric.acid",0.143015139838999,0.311154561001065,0.311154561001065,0.67697140974556,0.145500626806165,0.427500883656395,1,1,1,1,1,0.102199633702029
"X2.ketoisocaproic.acid",0.424052286811407,0.620658347060333,0.620658347060333,0.893905412752714,0.296759998097599,0.598311872545159,1,1,1,1,0.676250465155822,1
"X2.hydroxyglutaric.acid",8.38489937937366e-11,9.64263428627971e-10,9.64263428627971e-10,1.10890294292217e-08,4.67933675368184e-10,7.82741650685144e-09,0.110544738611916,0.258235402478652,1,0.00246204792592545,2.99858237991955e-07,1.23838616060646e-06
"X1.2.4.benzenetriol",0.549344980879651,0.710397927081316,0.710397927081316,0.91866719887624,0.342950311211861,0.630294555935868,1,1,1,1,1,1
"X1.2.cyclohexanedione",0.984389000247129,0.990541431498674,0.990541431498674,0.995671324403562,0.481346636358786,0.703893335090086,1,1,1,1,1,1
"X1.monostearin",0.484048407502137,0.663609266192051,0.663609266192051,0.894937766419711,0.319009248601519,0.614282318023056,1,1,1,1,1,1
"X1.monopalmitin",0.0679955648902525,0.164620841313243,0.164620841313243,0.398555721074167,0.079484734143014,0.283188590052976,0.163844069262095,1,1,1,0.0510671137844678,0.560688121825033
"X1.hexadecanol",0.397637958245188,0.592775104421068,0.592775104421068,0.883673998257333,0.286067053409609,0.587216533119553,1,1,1,1,1,0.641476667301524
"X.2.5.dihydroxypyrazine.NIST",3.84985938792674e-05,0.000217483284721476,0.000217483284721476,0.00122858978386518,0.000105539367904545,0.000867225036758726,0.353321490842011,0.000423545429366916,0.142734271853602,1,0.115293705136102,7.56874895500103e-05
"X87950",0.809115295588161,0.903296415610469,0.903296415610469,0.973932965619026,0.432728424951658,0.684322062589494,1,1,1,1,1,1
"X87948",0.630780134463558,0.769360618550249,0.769360618550249,0.937860614875357,0.373283614783876,0.648673882981604,1,1,1,1,1,1
"X5990",0.000661420808403499,0.00295802083758231,0.00295802083758231,0.013228926523632,0.00143206032890345,0.00930700913469575,0.27085394993917,0.0028124749523485,0.639994176615354,0.000538635648258785,0.223779339609841,1
"X54",0.104674673394285,0.239044289595458,0.239044289595458,0.545902562054876,0.113611304869998,0.364543961747029,1,1,1,0.166441261738874,0.186766082047212,1
"X307",0.37973277457235,0.57498798177119,0.57498798177119,0.868781398158906,0.278579810463386,0.579812694459516,1,1,1,0.57256728028653,1,1
"X2430",0.518372477477685,0.681289541827815,0.681289541827815,0.895409112116556,0.330613305278005,0.620493353227681,1,1,1,1,1,1
"X1872",0.623952627807579,0.766842542572674,0.766842542572674,0.937860614875357,0.370828775304849,0.647926404411916,1,1,1,1,1,1
"X1815",0.401588609809831,0.595905679072653,0.595905679072653,0.884247136688453,0.287704267371748,0.588492707199829,1,1,1,1,0.567711003448089,1
"X110",0.81568479516865,0.905691393256225,0.905691393256225,0.973932965619026,0.43471454325805,0.68489378956255,1,1,1,1,1,1
"X2233",0.308485634586561,0.514497811589252,0.514497811589252,0.849581001701227,0.247050472884332,0.55251725759149,1,1,1,0.34526029049214,1,1
"X88041",0.937496209135284,0.958329458227179,0.958329458227179,0.979625668410005,0.469175009410189,0.696956579433936,1,1,1,1,1,1
"X1812",0.0450840840157244,0.11997582688482,0.11997582688482,0.319274514519935,0.0578893427712205,0.224004129304187,0.383975008986674,0.0939515071544944,1,0.078628197169703,1,1
"X42445",0.00051689371420933,0.00237771108536292,0.00237771108536292,0.0109374709926694,0.0011469855816719,0.00766041070188241,0.00144977684297132,0.000999955385163206,1,0.548853051380162,0.203823678242905,0.156818380227514
"X42016",0.767635611659887,0.892341757958425,0.892341757958425,0.973932965619026,0.419858549389835,0.681680307385702,1,1,1,1,1,1
"X88043",0.339782806702341,0.541633979000762,0.541633979000762,0.86255436371793,0.26158469823121,0.565188291573885,1,1,1,0.946245165470553,1,1
"X88050",0.233755275909698,0.446645195242611,0.446645195242611,0.834568550864538,0.207110048879783,0.517348015407557,1,1,1,0.461671604792918,0.627896860728303,1
"X88046",0.0636270865210353,0.156733419287635,0.156733419287635,0.383536279324842,0.0755645107935166,0.273328885295107,0.447907704725524,0.0938017890815968,1,0.110378615278649,1,1
"X88045",0.328601956559148,0.534393080868917,0.534393080868917,0.86255436371793,0.256523333858745,0.561877934675629,1,1,0.860309973568887,1,1,0.743068585147713
"X88054",0.0392328053598019,0.107974045520139,0.107974045520139,0.29715933895286,0.0517924788527329,0.206672167373687,1,0.157566346505532,0.0783342225986012,1,1,0.153246108022563
"X88052",0.0261046965505568,0.0764155662661755,0.0764155662661755,0.223689203070077,0.0370826225662741,0.157895564412625,1,0.0257869612976922,0.246042600860777,1,1,0.266675544767731
"X17541",0.226780601830078,0.446645195242611,0.446645195242611,0.834568550864538,0.202944613483597,0.517348015407557,1,1,0.751897018265778,1,1,0.298362451965288
"X88059",0.203376482439145,0.4197899188808,0.4197899188808,0.834568550864538,0.18833560502799,0.501852438286014,1,1,1,1,1,1
"X87947",0.000247221332576833,0.00118813834462299,0.00118813834462299,0.00571015741744182,0.000576574747044365,0.00403063051742136,1,1,1,0.146178144075202,0.0892923220156619,0.207455839902512
"X1704",0.050896821001843,0.131110210900748,0.131110210900748,0.337739903280326,0.0636246082176728,0.239339091624666,1,0.140968087138482,0.127912006416175,1,1,0.859728575963629
"X42007",0.1293982540021,0.284503571656225,0.284503571656225,0.623198299818399,0.134642856357285,0.405741344301026,1,0.259034738205088,0.636352244788424,1,1,1
"X87951",0.01356926193327,0.0464819398139674,0.0464819398139674,0.158821626679883,0.022029600615531,0.108353642467358,1,1,1,0.539051043442988,0.285055270654531,0.683379655052668
"X892",0.150758183120558,0.325799563522281,0.325799563522281,0.704076909088419,0.151461944676235,0.438792949826111,1,1,1,1,1,0.131076089770164
"X88047",2.63025441135112e-06,1.69388384091012e-05,1.69388384091012e-05,0.000109086119354612,8.22000780898284e-06,7.70006515678069e-05,1,1,1,0.00141610379096567,0.000184662476608947,3.24020058910065e-05
"X21622",0.0223095172350931,0.0677704202801886,0.0677704202801886,0.205868635190762,0.0328040542611964,0.144602893756762,1,1,0.52017443276454,0.521744667965836,0.117184120921739,1
"X134",0.758036248861166,0.884375623671361,0.884375623671361,0.973932965619026,0.416796512596054,0.679731308277835,1,1,1,1,1,1
"X168",0.91881966773998,0.94826901606498,0.94826901606498,0.973932965619026,0.464166695876277,0.694722996706098,1,1,1,1,1,1
"X107250",0.914494353342417,0.94826901606498,0.94826901606498,0.973932965619026,0.462993309420148,0.694722996706098,1,1,1,1,1,1
"X112501",0.924316620172835,0.94973587330551,0.94973587330551,0.973932965619026,0.465650549424811,0.695050711153906,1,1,1,1,1,1
"X16817",1.15795002561127e-14,2.04912280471046e-13,2.04912280471046e-13,3.47272391114089e-12,9.59235698668195e-14,2.45129266175189e-12,0.0815654144912192,1.80401270180168e-09,4.69394553926255e-05,0.0209830042068785,2.94525625248778e-06,6.46340530112117e-15
"X4877",0.296105875056179,0.505907583229375,0.505907583229375,0.849581001701227,0.240973185714001,0.548350787369135,1,0.639865869588407,0.640182100111721,1,1,1
"X257",0.659407804718313,0.786404863404803,0.786404863404803,0.937860614875357,0.38335617348995,0.65365111649811,1,1,1,1,1,1
"X3143",3.28829084514654e-11,4.41179021723827e-10,4.41179021723827e-10,5.91915187479468e-09,2.13327203889533e-10,4.11791347155819e-09,1,1,0.485863418865115,2.48773463352121e-09,5.59976636626352e-11,8.8117000302512e-08
"X86075",0.000317378109833933,0.00150287869656657,0.00150287869656657,0.00711657265138874,0.000729310612886744,0.00502337725760709,0.768309164852759,0.173729768053636,1,0.000173865524843163,0.0266774983829776,0.165350563990887
"X22324",0.997540768674568,0.997540768674568,0.997540768674568,0.997540768674568,0.484660758850242,0.705358830801315,1,1,1,1,1,1
"X3029",0.509675361379938,0.675372289565185,0.675372289565185,0.894937766419711,0.32774180614496,0.618437028404827,1,1,1,1,1,1
"X120987",0.380349192910756,0.57498798177119,0.57498798177119,0.868781398158906,0.278829516167287,0.579812694459516,1,1,1,1,1,0.814422873986026
"X46131",0.0370549332827545,0.104553168142728,0.104553168142728,0.290225173637573,0.0494347232246776,0.201571016841947,1,0.201804507616488,1,0.0699017193519159,0.930358455833206,1
"X88055",0.422645928490762,0.620658347060333,0.620658347060333,0.893905412752714,0.296205385174968,0.598311872545159,1,1,1,1,1,0.981185728117787
"X2551",0.0507276874040445,0.131110210900748,0.131110210900748,0.337739903280326,0.0634620173386987,0.239339091624666,0.823974841150857,1,0.110571223107591,1,1,0.533027435983268
"X17267",6.67189783992454e-10,6.51015486198697e-09,6.51015486198697e-09,6.3523329259388e-08,3.15922039698235e-09,4.48392313492122e-08,1,1,1,5.4282120605965e-08,9.25136903739228e-09,1.03379554733044e-07
"X99",0.0220217471289946,0.0675333578622502,0.0675333578622502,0.205868635190762,0.0324673450021471,0.1442261550779,0.763921223185842,0.120652851117471,1,0.0355606648616955,1,1
"X88058",0.59053755629442,0.739895303995344,0.739895303995344,0.927028357535022,0.358579156403319,0.639723460726812,1,1,1,1,1,1
"X2030",0.0769891221663397,0.180952535310667,0.180952535310667,0.425304499051349,0.087799384249827,0.302776767010298,1,1,0.979315019046372,0.305775462332843,1,0.193579934483845
"X84181",0.0159718444956316,0.0524789176285038,0.0524789176285038,0.172277061925164,0.0250511825296795,0.118947714028316,1,1,1,0.147934741460427,0.19355918267311,0.146822504751391
"X228",0.748803500210246,0.876780825700724,0.876780825700724,0.973932965619026,0.413820768762603,0.677850806342412,1,1,1,1,1,1
"X27127",0.171297419914594,0.367718461416663,0.367718461416663,0.789368963841103,0.16657648401133,0.468783900171085,1,0.341474811589323,0.53714435072097,1,1,0.343679543224993
"X1923",0.0707518674999593,0.17001568160438,0.17001568160438,0.408545145347838,0.0819095088542196,0.289779760929368,0.382133765209884,1,1,1,0.120180049840751,0.913282721418249
"X1661",1.23067061826354e-19,3.60250853709874e-18,3.60250853709874e-18,1.05455249904163e-16,1.74821009514844e-18,7.44377286671091e-17,0.187497284816097,0.000697131289786525,1.57582521607791e-07,2.03621659707746e-14,1.85890255177124e-10,2.95317866192861e-21
"X453",0.0911197996733734,0.209575539248759,0.209575539248759,0.482023740272145,0.101292589084773,0.334642796132822,1,1,1,1,0.0594223093251528,1
"X46185",0.800350665837986,0.903296415610469,0.903296415610469,0.973932965619026,0.430056832924246,0.684322062589494,1,1,1,1,1,1
"X62",0.474184280640603,0.660427675340365,0.660427675340365,0.894937766419711,0.315531006523831,0.613142985807433,1,1,1,1,1,0.794545890309357
"X4793",0.461848685053909,0.651817930678668,0.651817930678668,0.894937766419711,0.311085443431173,0.610025800306264,1,0.973101255933569,1,1,1,1
"X17425",0.800891098806877,0.903296415610469,0.903296415610469,0.973932965619026,0.430222292851893,0.684322062589494,1,1,1,1,1,1
"X84390",6.62821377386557e-05,0.000361743192404189,0.000361743192404189,0.00197425945684998,0.000170212475716209,0.00134249644309618,1,0.168619535592934,0.532891033904847,0.215244498780367,0.0586973073978662,0.000247925362536184
"X2039",0.0637642171636031,0.156733419287635,0.156733419287635,0.383536279324842,0.0756866360642341,0.273328885295107,1,1,1,0.146440270579968,0.384525645183387,0.291332230070248
"X31556",1.74974516871832e-15,3.52136215204562e-14,3.52136215204562e-14,7.08674133099181e-13,1.70883172086459e-14,5.00232021459114e-13,1,1.10063893735929e-05,5.07164613514784e-08,7.25589455813692e-13,2.94406083604433e-15,0.000870976976003549
"X21666",0.581912299004965,0.739368051155281,0.739368051155281,0.927028357535022,0.355377853372749,0.63955914658454,1,1,1,1,1,1
"X41821",0.347920966714427,0.549169369029634,0.549169369029634,0.866826160919325,0.26518157043797,0.568580579309516,1,0.883310135154903,1,1,1,0.646892713706187
"X137",0.231567637639603,0.446645195242611,0.446645195242611,0.834568550864538,0.20581246874312,0.517348015407557,0.46371744148945,1,1,1,1,1
"X1878",0.911255715832772,0.94826901606498,0.94826901606498,0.973932965619026,0.462111350395468,0.694722996706098,1,1,1,1,1,1
"X31547",0.256423923177586,0.466529003588872,0.466529003588872,0.834568550864538,0.220095056600726,0.528213893708218,1,1,1,0.593730336944677,0.504250669892841,1
"X2706",0.0402513837028286,0.109838521629753,0.109838521629753,0.299728847159155,0.0528783336041792,0.209421730089793,1,1,1,0.794788080016825,0.0373724565607889,0.339454226464556
"X18488",1.54823372970883e-08,1.34738178639525e-07,1.34738178639525e-07,1.17258631140343e-06,6.53851730464551e-08,8.27693848967583e-07,1,0.00599534382629515,0.101093192812903,1.62324402123731e-07,8.32311789408479e-06,0.0353481943950237
"X5346",0.565441240758351,0.728288318096756,0.728288318096756,0.927028357535022,0.349160910905754,0.636071232993877,1,1,1,1,1,0.915283624751248
"X21885",0.181873903264163,0.387837065238811,0.387837065238811,0.826648265356022,0.173987485380664,0.482067871938892,1,1,1,1,0.287404402847131,0.384511834915133
"X11303",7.28086211918512e-07,5.20986133861691e-06,5.20986133861691e-06,3.72794522452143e-05,2.49901978715707e-06,2.5960979399635e-05,1,1,1,1.17504761515472e-05,5.64586173545339e-05,1.30201461289476e-05
"X299",0.00247667968499806,0.00996863573211721,0.00996863573211721,0.0401237588217718,0.00482564087069687,0.0282336347786738,0.0684882936788644,1,0.0788026777582301,1,0.00186996111479425,1
"X84721",0.508052085085024,0.675372289565185,0.675372289565185,0.894937766419711,0.32720126448348,0.618437028404827,1,1,1,1,1,0.871595091531219
"X46292",0.00272114276915655,0.0108173823662767,0.0108173823662767,0.0430024336042109,0.00524941352978321,0.0303541406195015,1,1,1,0.0171216125593636,0.0271695559205599,0.0381504878099427
"X84566",3.04742126169556e-11,4.26638976637379e-10,4.26638976637379e-10,5.91915187479468e-09,1.99508659136609e-10,4.00111833398907e-09,1,1,1,6.56515416653638e-07,9.8131506048946e-08,8.05946317294636e-09
"X1912",0.249838762469817,0.465395500335752,0.465395500335752,0.834568550864538,0.216407357827139,0.527607636645647,1,1,0.828746863549515,1,1,0.298781543254055
"X4945",0.786098875251591,0.903296415610469,0.903296415610469,0.973932965619026,0.425658529875608,0.684322062589494,1,1,1,1,1,1
"X1029",0.517740376749889,0.681289541827815,0.681289541827815,0.895409112116556,0.330406187372638,0.620493353227681,1,1,1,1,1,0.833721523064905
"X127730",0.011451757971804,0.0396501727625901,0.0396501727625901,0.137283393866172,0.0191851399316953,0.0955254286568617,1,0.0820188776165137,0.00527355477378719,1,1,0.11560541219477
"X2439",8.77700128723367e-07,6.14390090106357e-06,6.14390090106357e-06,4.3007306307445e-05,2.97223567633742e-06,3.02295358337409e-05,1,1,1,9.46543954577976e-06,1.25848365466991e-05,8.07880511617721e-06
"X46128",0.411803355866303,0.608260002701604,0.608260002701604,0.893905412752714,0.291874794877636,0.593452841828502,1,1,1,0.775142448214476,1,1
"X4746",6.93876269142638e-18,1.71867814356869e-16,1.71867814356869e-16,4.2570335556086e-15,8.34032855149739e-17,3.00491354415407e-15,1,1,1,1.99221237429334e-15,1.13810892143342e-17,2.13341110283415e-15
"X2810",0.00116240245039955,0.00505802147336022,0.00505802147336022,0.0220092285732701,0.00241415521043332,0.0152474602611524,1,0.749952595703776,1,0.00153584785301153,0.00718421366053121,0.145168529644485
"X41805",0.850180397448636,0.913800785248399,0.913800785248399,0.973932965619026,0.444919277052089,0.686814372669647,1,1,1,1,1,1
"X17651",0.338431183811609,0.541633979000762,0.541633979000762,0.86255436371793,0.260980292012097,0.565188291573885,1,1,1,1,1,0.37737182229224
"X84207",0.0481276487288389,0.125992706428343,0.125992706428343,0.329834564796149,0.060930663262795,0.23237668127764,1,0.539156976485698,1,1,1,0.454691955260989
"X1760",0.000412571157421647,0.00192533206796769,0.00192533206796769,0.00898488298384921,0.000932236434414181,0.00632103116967986,0.0711047277732637,0.0222857405678312,1,9.32502147727193e-05,0.254650992092549,0.622571276031925
"X31359",0.977732120599188,0.986927093520183,0.986927093520183,0.995671324403562,0.479652863914876,0.703130855840411,1,1,1,1,1,1
"X111263",0.000240803529419569,0.00117482934050153,0.00117482934050153,0.00571015741744182,0.000562566143679014,0.00398852790753482,0.0993139504966366,0.0354666034977094,1,1,0.00780286105881342,0.00227996156994448
"X42529",0.529167750591137,0.6909929169859,0.6909929169859,0.900808580038298,0.334970003736222,0.623817853813811,1,1,1,1,1,1
"X10962",0.011308376145003,0.0395793165075106,0.0395793165075106,0.137283393866172,0.0189859572077573,0.09538787347956,1,0.0327199513942426,0.248405823974043,1,1,0.0634028899386094
"X41808",0.0245396065363764,0.0738481617262916,0.0738481617262916,0.222234654914635,0.0353538522828176,0.154036505734686,0.898856806026604,1,1,0.0404676806336745,1,0.179854064435126
"X47170",0.255208195157489,0.466529003588872,0.466529003588872,0.834568550864538,0.219419295040776,0.528213893708218,1,1,1,0.709238324480239,0.434510499636638,0.403296215368342
"X443",0.358221780310808,0.562560974804283,0.562560974804283,0.867678501027193,0.269632801213378,0.574480388322007,0.854672223452474,0.521823335867483,1,1,1,1
"X4983",0.472061086764598,0.660427675340365,0.660427675340365,0.894937766419711,0.31477351755033,0.613142985807433,1,1,1,1,1,1
"X103828",0.319214841999025,0.524424383284113,0.524424383284113,0.861554343966757,0.252163073996628,0.557237157255721,1,0.854066847026267,1,1,1,1
"X21665",0.38373049757036,0.577388879521757,0.577388879521757,0.868781398158906,0.280192831637062,0.580827529301965,1,1,1,1,1,0.457223946766066
"X120668",0.795076066459813,0.903296415610469,0.903296415610469,0.973932965619026,0.428436891876339,0.684322062589494,1,1,1,1,1,1
"X46365",1.79570178114848e-21,6.42462192810899e-20,6.42462192810899e-20,2.29858695650122e-18,3.11771333685098e-20,1.62250425978118e-18,0.212099048626793,1,0.0103171713729452,3.90168133247701e-19,1.60970988649115e-22,2.83112641413519e-17
"X112482",2.90585354922397e-05,0.000170124516881839,0.000170124516881839,0.000996001717017314,8.23212749133054e-05,0.000698640961784324,0.0952089786892789,0.0558343421615088,1,1.09081373747996e-05,0.0457996366757156,0.0788495628991947
"X479",0.212942130025839,0.43124129476931,0.43124129476931,0.834568550864538,0.194427715445551,0.508579951730828,0.83268126965331,1,0.793921637598224,1,0.145553250856605,1
"X657",0.806078572967032,0.903296415610469,0.903296415610469,0.973932965619026,0.431805626055061,0.684322062589494,1,1,1,1,1,1
"X42446",0.586530493441532,0.739368051155281,0.739368051155281,0.927028357535022,0.357096491370017,0.63955914658454,1,1,1,1,1,1
"X2061",0.64537974477992,0.781249164733587,0.781249164733587,0.937860614875357,0.378463124615499,0.652160498904297,1,1,1,1,1,1
"X47259",6.61342850720893e-23,5.32380994830319e-21,5.32380994830319e-21,4.28566700838406e-19,2.54183338729976e-21,2.79236315661169e-19,0.0154267697164706,1,0.108913422465713,5.70293101092828e-21,1.26544075093689e-25,4.51177228540807e-22
"X4550",0.579849231029165,0.739368051155281,0.739368051155281,0.927028357535022,0.354606661311762,0.63955914658454,1,1,1,1,1,1
"X18485",2.67070227964049e-05,0.000162257761140422,0.000162257761140422,0.000985792435607849,7.62943411004713e-05,0.00066965731472638,0.17416660907527,2.96215435062855e-05,0.0481504139125689,1,1,0.00147562308919657
"X4942",0.0606902176705479,0.152673828827472,0.152673828827472,0.383536279324842,0.0729170837174367,0.268147694437152,1,1,1,0.62730702646967,0.0514927945507496,0.149776463754472
"X2262",0.598252175714455,0.746256892940413,0.746256892940413,0.927778839871864,0.361411553593826,0.641694255409517,1,1,0.972610612976152,1,1,1
"X21664",0.308695914443308,0.514497811589252,0.514497811589252,0.849581001701227,0.247152029174121,0.55251725759149,1,1,1,1,1,0.383809168149243
"X113523",0.0595613739012846,0.151013877135541,0.151013877135541,0.382885578249166,0.0718829923883289,0.266007780161994,1,1,1,0.114837289887628,1,0.153626881049918
"X469",0.803674867685894,0.903296415610469,0.903296415610469,0.973932965619026,0.431073056883138,0.684322062589494,1,1,1,1,1,1
"X1862",0.311332954095349,0.514497811589252,0.514497811589252,0.849581001701227,0.248420960777228,0.55251725759149,0.753256397798326,0.461408894685614,1,0.827547434472037,1,1
"X113535",0.702410980690394,0.831530646258481,0.831530646258481,0.973932965619026,0.398396567553635,0.666172343235251,1,1,1,1,1,1
"X4531",0.863094158017043,0.919466711741579,0.919466711741579,0.973932965619026,0.448645371766382,0.688142424674584,1,1,1,1,1,1
"X43734",0.455516892804876,0.649010794173319,0.649010794173319,0.894937766419711,0.308761013852712,0.608998579594954,1,1,1,1,1,1
"X42075",0.849258861557215,0.913800785248399,0.913800785248399,0.973932965619026,0.444651453954115,0.686814372669647,1,1,1,1,1,1
"X17250",0.622814931905261,0.766842542572674,0.766842542572674,0.937860614875357,0.370417664478319,0.647926404411916,1,1,1,1,1,1
"X592",0.211708199126202,0.43124129476931,0.43124129476931,0.834568550864538,0.193651476080632,0.508579951730828,1,0.939737841491406,1,0.357098814121297,0.687829113188045,1
"X43707",0.430478721006209,0.621847243654062,0.621847243654062,0.893905412752714,0.299273997078871,0.598771716670672,1,1,1,0.723518106664321,1,1
"X31223",0.0644529158882377,0.157226052394034,0.157226052394034,0.383536279324842,0.0762979932413845,0.273952638037559,0.216694945650138,1,0.1550131491881,1,1,0.964926409864883
"X39",0.87698762681537,0.928914525771543,0.928914525771543,0.973932965619026,0.452598687847619,0.69033205055215,1,1,1,1,1,1
"X87956",0.373031493503291,0.569270809990804,0.569270809990804,0.868745027568905,0.275841587897713,0.577376207244252,1,1,1,0.660756551852261,1,1
"X31222",1.0853469491721e-06,7.4357812262429e-06,7.4357812262429e-06,5.09430118053237e-05,3.6084044412847e-06,3.59591589199801e-05,0.945249307865735,1,1,0.0573584970007971,0.000684696863172313,0.00185377315048812
"X23635",0.236700197450165,0.446645195242611,0.446645195242611,0.834568550864538,0.208844101136428,0.517348015407557,0.775534672192724,1,0.349072936558613,1,1,1
"X1709",0.537884436135831,0.698382211434426,0.698382211434426,0.906770451943085,0.338444487940315,0.626310713442091,1,1,1,1,1,1
"X4937",0.738023311096777,0.870489033601326,0.870489033601326,0.973932965619026,0.410307621849986,0.676276126874344,1,1,1,1,1,1
"X6330",0.00984427390330813,0.0356163617625305,0.0356163617625305,0.128859196489155,0.016901565242073,0.0875391883053887,1,0.00696994986684457,0.117927697920111,1,1,0.0412975104665835
"X31460",0.53004736178732,0.6909929169859,0.6909929169859,0.900808580038298,0.335322118104869,0.623817853813811,1,1,1,1,1,1
"X21763",0.461328300846545,0.651817930678668,0.651817930678668,0.894937766419711,0.310895510519371,0.610025800306264,0.609703038938923,1,1,1,1,1
"X18266",0.00193707337435826,0.00799663623773537,0.00799663623773537,0.0330117547250101,0.0038595325092532,0.0231505589627337,1,1,1,0.245308059934692,0.0120872747759548,0.00528776842343582
"X1925",0.839158420590475,0.913800785248399,0.913800785248399,0.973932965619026,0.441698964209196,0.686814372669647,1,1,1,1,1,1
"X1870",0.846999957840352,0.913800785248399,0.913800785248399,0.973932965619026,0.443993861325797,0.686814372669647,1,1,1,1,1,1
"X105450",0.0251840032389451,0.0750856392864843,0.0750856392864843,0.22326444078334,0.0360715465586542,0.155905643310555,1,1,1,0.0215051543811504,0.416366072831858,0.117316519205174
"X95550",0.659102744988162,0.786404863404803,0.786404863404803,0.937860614875357,0.383246791787813,0.65365111649811,1,1,1,1,1,1
"X21511",0.788545156063656,0.903296415610469,0.903296415610469,0.973932965619026,0.426418306200989,0.684322062589494,1,1,1,1,1,1
"X51865",0.250041681857407,0.465395500335752,0.465395500335752,0.834568550864538,0.216522001601989,0.527607636645647,1,1,0.464270998597394,1,1,1
"X5576",0.848475772248442,0.913800785248399,0.913800785248399,0.973932965619026,0.44442366394938,0.686814372669647,1,1,1,1,1,1
"X46377",0.291680524641525,0.504952306099844,0.504952306099844,0.849581001701227,0.238752764100347,0.547882655906901,1,1,0.878112354811417,1,0.481037562701786,1
"X16879",0.629643790304526,0.769360618550249,0.769360618550249,0.937860614875357,0.372876497886212,0.648673882981604,1,1,1,1,1,1
"X1064",0.296945749652366,0.505907583229375,0.505907583229375,0.849581001701227,0.241391696315289,0.548350787369135,1,0.441334507768131,0.503990842791401,1,1,0.844876171137559
"X31563",0.865212464775461,0.919466711741579,0.919466711741579,0.973932965619026,0.449251810517706,0.688142424674584,1,1,1,1,1,1
"X1913",0.851367191225216,0.913800785248399,0.913800785248399,0.973932965619026,0.4452638109,0.686814372669647,1,1,1,1,1,1
"X46341",0.235435848362378,0.446645195242611,0.446645195242611,0.834568550864538,0.208101393140888,0.517348015407557,1,1,0.289881146477947,1,1,1
"X119050",0.394786469333347,0.591261595931804,0.591261595931804,0.883673998257333,0.284876803083237,0.586596710947232,1,1,1,0.936395374985241,0.817136776869217,1
"X31285",0.229026331581581,0.446645195242611,0.446645195242611,0.834568550864538,0.204294901268954,0.517348015407557,1,0.962922430404464,0.354206611917679,1,1,0.514978343022361
"X18082",0.600250109539028,0.746256892940413,0.746256892940413,0.927778839871864,0.362140386449495,0.641694255409517,1,1,1,1,1,0.974498205096303
"X41811",0.306239160009571,0.514497811589252,0.514497811589252,0.849581001701227,0.24596208224208,0.55251725759149,1,0.986433556738338,1,1,1,1
"X5259",0.0439433577754176,0.11791467669737,0.11791467669737,0.316404382471277,0.0567270467416639,0.22108840050521,1,1,0.270410347212482,0.398641020980624,1,0.0557588828902159
"X61",0.0194362336778456,0.0607618179054977,0.0607618179054977,0.189954421024954,0.0293595257105476,0.133172358371885,1,0.233060448558819,0.165920208675552,0.388071503302692,0.282775919855178,1
"X1941",0.361646340945611,0.562560974804283,0.562560974804283,0.867678501027193,0.271088183949204,0.574480388322007,1,1,1,1,1,1
"X34049",0.0297980609570321,0.084911288744817,0.084911288744817,0.241959601556027,0.041205390812287,0.170792096035025,0.231105204900395,0.140080242433073,1,1,1,1
"X49400",0.639579529902951,0.777149466523586,0.777149466523586,0.937860614875357,0.376416657176444,0.650966003336232,1,1,1,1,1,1
"X3258",0.968572084465212,0.983849246680751,0.983849246680751,0.995671324403562,0.4773040235434,0.70247845199123,1,1,1,1,1,1
"X11481",0.00740707108296712,0.0277334521943653,0.0277334521943653,0.10383920472774,0.0132145610308173,0.0709635313575839,1,1,1,0.0275143592109466,0.0221676890504444,0.0187136066723271
"X47",0.501612978348921,0.675372289565185,0.675372289565185,0.894937766419711,0.325040572027626,0.618437028404827,1,1,1,1,1,0.698764597159786
"X48620",0.288494614022681,0.502136571434071,0.502136571434071,0.849581001701227,0.237138169754025,0.546497148210843,1,1,1,1,1,0.403829990081165
"X124996",0.0376053745572008,0.104553168142728,0.104553168142728,0.290225173637573,0.0500353253865899,0.201571016841947,1,1,1,0.0878030867640393,0.857677223947116,0.0683578688895899
"X84223",0.235904523642485,0.446645195242611,0.446645195242611,0.834568550864538,0.20837701464437,0.517348015407557,1,1,1,0.362891597267673,0.896856608026559,0.403135400160343
"X1873",0.270396601449359,0.478393987179635,0.478393987179635,0.8463893619332,0.227702216531337,0.534467752682488,1,0.348561655460949,1,1,1,1
"X34055",0.658006248546387,0.786404863404803,0.786404863404803,0.937860614875357,0.382867538459271,0.65365111649811,1,1,1,1,1,1
"X34081",0.475836089065108,0.660427675340365,0.660427675340365,0.894937766419711,0.316118142101397,0.613142985807433,1,1,1,1,1,1
"X3228",0.89656883979081,0.940375134894596,0.940375134894596,0.973932965619026,0.458075129913154,0.692947239008512,1,1,1,1,1,1
"X129855",0.43156964263003,0.621847243654062,0.621847243654062,0.893905412752714,0.299697478960826,0.598771716670672,0.600206502050893,1,1,1,1,1
"X46369",0.826037288109453,0.91370558318734,0.91370558318734,0.973932965619026,0.437816280541003,0.686791961367099,1,1,1,1,1,1
"X3122",0.12988206532132,0.284503571656225,0.284503571656225,0.623198299818399,0.135037095678022,0.405741344301026,1,0.41785180824349,1,0.406643604670679,1,1
"X2260",0.0376651164737778,0.104553168142728,0.104553168142728,0.290225173637573,0.0501003189209868,0.201571016841947,0.247236162991624,1,1,1,0.0733581456973352,1
"X109923",0.893360332734065,0.940071984118853,0.940071984118853,0.973932965619026,0.457185298624073,0.692878632115985,1,1,1,1,1,1
"X17068",0.0855640958610806,0.198213229260921,0.198213229260921,0.459170214546881,0.0960695497095,0.322348204301802,1,1,0.85036291525232,0.744019585657151,0.0581385429540749,1
"X1173",0.842040761783425,0.913800785248399,0.913800785248399,0.973932965619026,0.442544706127624,0.686814372669647,1,1,1,1,1,1
"X5483",0.26025830034607,0.466529003588872,0.466529003588872,0.834568550864538,0.222211632707455,0.528213893708218,1,1,1,1,0.342130666862566,1
"X88502",0.430877630139049,0.621847243654062,0.621847243654062,0.893905412752714,0.299428958258532,0.598771716670672,1,1,1,1,1,0.605666298703667
"X3105",0.864537355420936,0.919466711741579,0.919466711741579,0.973932965619026,0.449058681941876,0.688142424674584,1,1,1,1,1,1
"X18386",0.569802543523924,0.730981749062563,0.730981749062563,0.927028357535022,0.35082049526268,0.6369253241362,1,1,1,1,1,1
"X6491",0.288195218242864,0.502136571434071,0.502136571434071,0.849581001701227,0.236985739918147,0.546497148210843,0.513927869874294,1,1,1,0.620392567793178,1
"X120464",4.62679703392353e-15,8.76369791131398e-14,8.76369791131398e-14,1.65994748673124e-12,4.25281022976533e-14,1.171707626991e-12,1,3.9853316271357e-09,3.88829785494308e-07,1.33010862382291e-14,1.30455569230945e-12,0.0202302231036646
"X104303",0.0629360280819565,0.156733419287635,0.156733419287635,0.383536279324842,0.0749470648657549,0.273328885295107,1,0.270027845703805,0.20641389758117,0.687166174945088,0.545226292575515,1
"X13146",0.02979121297839,0.084911288744817,0.084911288744817,0.241959601556027,0.0411979492387071,0.170792096035025,1,1,0.396636075809994,0.820621066237965,1,0.0369031314243763
"X4577",0.505149639907948,0.675372289565185,0.675372289565185,0.894937766419711,0.326230604332644,0.618437028404827,1,1,1,1,1,1
"X12762",0.0104921407776544,0.0371260365978539,0.0371260365978539,0.131369052577022,0.0178354231854484,0.0905655495980755,1,0.464132368315206,0.0224453682800132,1,0.0768955064699855,1
"X5396",0.222543329928932,0.442339211340223,0.442339211340223,0.834568550864538,0.200372988349139,0.514928668584409,0.636369624035038,0.347452014310975,1,0.749051261188475,1,1
"X107054",0.365247528571191,0.563182629548706,0.563182629548706,0.867678501027193,0.272605741200514,0.574750347952551,1,1,1,0.460032559564085,1,1
"X66261",7.91188851232133e-09,7.27893743133563e-08,7.27893743133563e-08,6.69662243682878e-07,3.4600825839283e-08,4.62269331088342e-07,0.0597782115338418,4.65831696219298e-08,0.00118099008555355,1,0.10083625239983,1.05719434584861e-07
"X103870",0.0726270279440613,0.172664835706574,0.172664835706574,0.408809390422917,0.0835325794546548,0.292972201200718,0.665922561669884,1,1,1,0.085226919647269,1
"X2040",0.617141309322793,0.764305775392074,0.764305775392074,0.937860614875357,0.368358658446169,0.647170154381183,1,1,1,1,1,1
"X7408",0.649333918145017,0.78309184135841,0.78309184135841,0.937860614875357,0.379849835864591,0.652694725407718,1,1,1,1,1,1
"X107094",0.587820562409168,0.739368051155281,0.739368051155281,0.927028357535022,0.357574696582357,0.63955914658454,1,1,1,1,1,1
"X107058",0.810722559352253,0.903296415610469,0.903296415610469,0.973932965619026,0.433215628040728,0.684322062589494,1,1,1,1,1,1
"X107197",0.365544004893415,0.563182629548706,0.563182629548706,0.867678501027193,0.272730094190966,0.574750347952551,0.61097071573212,0.936000939027647,1,1,1,1
"X17287",0.443710571898365,0.634999129561215,0.634999129561215,0.894937766419711,0.30434740173108,0.603789268091003,1,1,1,1,0.793460669954078,1
"X31962",0.23719356641766,0.446645195242611,0.446645195242611,0.834568550864538,0.20913319615067,0.517348015407557,0.526653829727272,1,0.795495782846063,1,0.317066697054884,1
"X21827",0.691054211694451,0.821105004301155,0.821105004301155,0.973932965619026,0.394496286540714,0.663360597193028,1,1,1,1,1,1
