mx sample id,treatment,z C30 FAME internal standard,z C28 FAME internal standard,z C26 FAME internal standard,z C24 FAME internal standard,z C22 FAME internal standard,z C20 FAME internal standard,z C18 FAME internal standard,z C16 FAME internal standard,z C14 FAME internal standard,z C12 FAME internal standard,z C10 FAME internal standard,z C09 FAME internal standard,z C08 FAME internal standard,xylulose NIST,xylose,xylonic acid,valine,urea,tyrosine,tyramine,tryptophan,trans-4-hydroxyproline,tocopherol beta NIST,tocopherol alpha-,threonine,threonic acid,threitol,tagatose,sulfuric acid,sucrose,succinic acid,stigmasterol,stearic acid,squalene,spermidine,sorbitol,shikimic acid,serine,saccharic acid,ribose,ribonic acid,ribitol,raffinose,quinic acid,pyruvic acid,pyrophosphate,putrescine,"propane-1,3-diol NIST",proline,piceatannol,phytol,phosphate,phenylethylamine,phenylalanine,pentonic acid,pentitol,pelargonic acid,parabanic acid NIST,palmitic acid,p-cresol,oxoproline,oxalic acid,nicotinic acid,nicotianamine,N-methylalanine,N-acetylmannosamine minor,n-acetyl-d-hexosamine 1,myristic acid,myo-inositol,mucic acid,methionine,methanolphosphate,melezitose,mannitol,maltotriose,maltose,malonic acid,malic acid,maleimide,maleic acid,lyxitol,lysine,linolenic acid,linoleic acid methyl ester,levoglucosan,leucrose,leucine,lauric acid,lactulose,lactose,lactitol,lactic acid,isopentonic acid,isothreonic acid,isoleucine,isocitric acid,isochlorogenic acid,inulotriose,homoserine,hexose-6-phosphate 1,glycolic acid,glycine,glycerol-alpha-phosphate,glycerol-3-galactoside,glycerol,glyceric acid,glutamine,glutamic acid,glucose-6-phosphate minor,glucose-1-phosphate,glucose,gluconic acid lactone,glucoheptulose,glucoheptulose,galactonic acid,galactinol,fumaric acid,fucose 1,fructose-6-phosphate 1,fructose,ferulic acid,ethanolamine,erythronic acid lactone,erythronic acid,erythritol,enolpyruvate NIST,dehydroascorbic acid,cysteine-glycine,conduritol-beta-expoxide,citric acid,citramalic acid,cis-caffeic acid,chlorogenic acid,capric acid,butyrolactam NIST,butyraldehyde,beta-sitosterol,beta-mannosylglycerate,beta-gentiobiose,beta-alanine,benzoic acid,aspartic acid,asparagine,ascorbic acid,alpha-ketoglutarate,alanine-alanine,alanine,aconitic acid,6-deoxyhexitol NIST,"4',5-dihydroxy-7-glucosyloxyflavanone",4-hydroxycinnamic acid,4-aminobutyric acid,"3,4-dihydroxycinnamic acid",3-hydroxypropionic acid,2-ketoglucose dimethylacetal NIST,2-ketobutyric acid,"1,2-anhydro-myo-inositol NIST",1-monostearin,1-methylgalactose NIST," 2,5-dihydroxypyrazine NIST",64,54,4732,4708,3507,3423,3361,3182,1684,16833,16747,14741,14724,137,18242,18243,2395,18244,18144,18154,18149,18168,18268,16906,18189,4722,18241,6405,3200,16923,18254,18197,18160,18162,18173,18345,18146,18191,14696,18248,18172,39,18205,5990,18169,18265,4721,18176,18175,4723,18177,18147,18283,17439,16702,4707,18225,18202,18188,18255,18247,4801,14761,18193,18312,18245,18161,4879,18158,4725,18157,3781 trehalose-like,3199,16571,18258,18165,16574,18407,18284,18250,41989,18261,1380,18163,18148,18150,3178,18016,18166,18266,18372,18187,22663,136,14740,3618,16551,18178,3246,18393,99,18257,104179,3381,18182,18308,1700,18155,18264,18190,17425,18259,18203,18226,18251,18167,18256,18364,18153,3166,18164,16972,100107,99877,18152,18347,16877,100930,16809,14706,13146,6435,18403,32146,18269,105113,18303,18022,3247 melibiose-like,16827,18262,68207,3250,17240,3772,3248,14722,17238,18402,92727,18382,153,18385,4852,18174,17045,105103,3793,4755,17184,13130,41689,94799,18321,4733,17449,14739,18141,479,17063,25323,3161,17042,18180,5483,16872,17288,1029,3194,104131,16675,1909,105768,21863,17382,3365,1789,62,22022,17651,3172,18263,100916,17068,84185,18410,4976,27187,1996,17198,105209,110304,17799,87756,3295,17463,1872,18185,17143,18200,4735,17436,103182,18318,18252,3227,16800,18142,103159,17250,6404,14729,16810,14717,453,16568,1867,10474,18371,16867,108950,18305,3205,3294,91,105083,4728,18388,41810,1832,22225,490,17690,1981,1866,1912,17663,34091,14703,18310,4901,21665,16610,17242,7826,1970,18503,17832,151,18207,97456,34149,18192,1941,18282,18184,110405,18361,16578,4263,3206,3286,16841,31362,6622,17030,16573,47,34444,3189,17466,469,97686,16828,18044,14726,18198,18151,4713 sim to lactose with RI shift,4805,18229,14694,1878,105081,4717,17061,17692,4264,16555,14701,46131,1753,3175,592,14712,18156,16592,18386,3304,16607,18023,106387,17265,107107,6456,6406,5346,30962,89417,1661,62304,17354,103133,18270,4773,16594,1673,3229,4712,3220,17076,17327,3253,17334,17704,4745,3211,18306,17188,17471,3232
131977,100% MeOH - fresh frozen,15611,29214,41652,59910,74416,87888,88848,216041,180376,184257,176835,155037,123593,530,7591,123,24847,1598,9430,3295,104986,181,344,39123,6256,3500,1854,3186,20,247742,7782,624,18933,2358,49,4568,5361,9766,231,1438,252,15871,2658,25734,477,541,2946,2279,53964,7682,29021,6322,815,4545,232,369,4144,1394,5501,961,75350,164,412,103,464,36968,5951,18676,543137,35,383,1142,371,135440,19,3013,73,1326,5248,20463,8988,1478,1203,187,5932,6587,9877,1635,3120,2450,1932,2512,246,782,13473,3417,3467,714,48,36,384,236,821,6435,8076,7117,2518,91864,27,14878,146749,592,83545,8100,885,646852,222020,395,73,880925,147,28655,895,731,2287,203,99410,997,343,406621,109,337,40573,212,520,954,2562,9185,9952,153,1270,15044,158,1327,3575,476,17969,7298,682,3422,658,799,629,726,436,723,18377,3516,32367,402,758,2807,12559,730,72647,16586,4549,633903,788,1097,17737,388,45364,765,29462,114625,175830,26002,91,99,270,55,4892,16279,367,10198,60322,1454,6595,4752,3108,117,88,58,419,85,491,24894,52749,5801,14,9330,106,9299,63,1754,1314,239,164,1133,123,831,1445,1304,1812,19647,17,347,33,884,16616,16641,47,199,2541,28375,375,39007,28,73,656,1080,711,1059,1147,523,4304,226,259,3038,53,852,653,290,1881,1658,109850,18266,582,1225,591,46,455,263,25619,769,25923,59,143,1129,1916,2780,1132,12934,148,1895,2435,959,898,759,19807,546,184,27,3953,3899,3054,3687,2176,7376,827,914,33,300,1592,840,4257,63,255,2032,1804,1780,868,1167,942,781,52969,1129,121,280,5810,1496,267,3828,3107,7717,381,1256,174,466,5600,3627,2611,54,289,1595,394,198,28085,290,222,817,48,3339,2728,5644,331,20998,1481,822,427,111351,98,242,3424,18335,165,834,434,3574,780,1010,403,149,406,49,1097,659,48,77,6543,2122,896,118,512,692,415,377,2027,1149,446,1021,3239,1382,2588,111,545,1567,5338,3961,750,9700,487,22783,4516,2116,28083,303,4943,1006,36524,2927,2113,21998,3662,1003,903,2584,766,342,9437,1082,4043,27839,391,50,895,3771,405,536,269,1578,51,803,1044,847,357,233,561,23309,452,830,1510,32992,2574,622,396,111,599,3961,4269,2861,2567,444,1031,1205,1096,8468,496,1786,4914,904,4438,3521,549,7602,28672,1409,2618,1540,5804,1682,1358,981,2158,1379,6779,32992,9226,4269,1934,11368,648,935,1688,2520,797,1645,3456,746,2203,1198,118447,1073,797,14717,3878,1051,5655,2567,236,12428,59,67,1707,1146,916,1715,887,15547,2895,2685,911,1090,46326,29241,666,72105,46983,3264,32367,420,127480,310,1654,973,4191,2232,685,71465,3466
131978,100% MeOH - fresh frozen,19723,34391,45025,66173,76947,97173,92329,221881,194889,215056,203660,173335,128714,539,10477,264,22305,1391,8477,3579,102992,321,493,64004,6101,3561,2222,3169,6,209298,10011,764,17411,2256,68,5337,5472,6356,366,1601,387,15393,2889,27800,338,525,2683,2088,52669,8761,24384,9544,774,4515,281,576,2546,609,6809,916,68124,350,578,41,493,33980,7583,27912,550233,94,397,999,304,127369,38,11947,148,54476,4434,32825,10331,1335,2456,335,3679,6497,9755,1455,3338,2026,2117,1565,103,853,14363,5524,3592,753,105,208,371,237,1530,7948,7878,8669,2361,96847,28,19721,185263,747,76779,8563,1055,656325,116519,477,170,952510,855,25617,1180,791,3037,192,150331,2107,565,624649,168,365,45613,143,502,1562,2284,9728,7631,180,1479,18109,183,2748,4580,577,14222,6812,687,3771,929,945,2308,641,484,507,20353,1729,29993,494,1108,3017,12271,801,74807,17615,5340,636000,820,1125,16525,505,48963,998,57049,132668,197125,23929,326,27,148,39,3113,17453,480,15413,64314,3295,7483,5437,3161,66,118,103,361,45,565,18319,55226,4633,32,280,47,10762,35,2078,863,139,69,739,67,1740,2048,1455,1743,20160,51,265,23,1320,17380,17182,51,154,2585,27906,454,1898,3620,45,770,1097,1153,1731,1074,607,5286,184,369,3900,41,1067,590,254,1921,1729,108653,27002,534,1168,1078,48,26,182,25495,462,28536,36,120,1421,2406,4248,939,10166,60,2176,72,1098,853,907,16063,623,109,53,4128,3642,3220,3952,2624,7436,594,898,25,350,1809,854,4790,39,364,1977,1215,2085,1834,1302,1061,85,26224,1255,56,335,4074,1914,430,4435,2980,7084,413,1419,100,373,5539,2680,3103,82,403,1750,606,161,31840,6448,236,972,39,3874,2736,5604,595,23508,1657,893,524,120635,158,338,1407,19382,224,808,2161,3303,203,34,471,56,463,58,1171,728,244,90,4979,2124,906,613,451,759,326,225,1500,1403,687,1212,2805,456,2506,163,582,2399,5918,4173,746,9314,547,1849,5792,2466,26517,34108,8571,1113,34111,3002,2135,21630,3259,1181,828,1299,728,6448,9777,8549,5658,26931,271,189,1050,3806,408,1916,356,1658,209,826,948,886,2278,279,592,13502,462,910,1469,34444,6733,690,435,245,575,4173,4793,2940,2978,709,4585,1870,1056,8323,494,1025,5786,820,4384,2648,660,8830,34497,1767,2615,1092,5834,1401,1320,2403,2165,485,5762,34501,10115,2030,2184,11241,720,1869,4793,2937,744,2762,9044,1131,7216,1638,136535,875,744,14647,4131,1119,7066,2978,247,2061,48,240,2465,1332,918,2003,831,22805,3366,2500,872,1142,46526,31157,753,74213,47061,2003,29993,366,131915,400,1877,11525,4375,5221,801,74580,17474
131979,100% MeOH - fresh frozen,19423,35346,47549,71847,79560,97477,93547,223602,199044,229330,220999,194064,139197,429,4756,170,20936,1894,5107,5611,56246,318,302,53294,11142,3602,2151,2562,31,343806,9319,653,17225,2198,20,6068,10045,21920,197,1457,342,14881,5584,56782,1070,560,3513,2492,77692,7332,31116,7908,888,4396,308,332,3420,574,7056,980,65208,46,513,108,241,33848,3862,25684,580519,59,431,1154,471,174417,99,20339,80,2251,6077,27658,8238,1056,1717,272,5294,6781,5870,1503,2310,785,583,1995,266,1081,9953,3516,4382,1078,88,56,431,327,1001,5529,9093,10653,2005,79386,71,19926,74515,612,67913,7902,1251,348903,371656,471,157,352573,1045,34618,842,962,1523,228,127362,1341,425,397039,237,319,46365,190,496,1159,2775,7943,3748,194,1426,16390,153,2175,6157,353,35593,7176,679,5405,401,1734,1171,868,625,794,15897,2015,40591,466,897,2212,11971,776,66393,15684,4906,606051,637,1307,17112,419,44420,1454,40684,65127,98035,24849,299,137,170,33,7854,14564,103,25757,69872,1936,8800,5055,3483,133,114,95,333,21,454,46166,73840,3412,53,196,92,8529,74,1525,1308,114,124,1292,115,251,1314,1199,4879,14269,43,235,22,539,14793,12614,62,215,2633,24925,191,1839,62,89,560,2461,1150,2718,1464,481,7472,398,207,4759,52,1831,2675,205,1878,1971,109562,32910,451,1156,1135,108,55,219,24250,1268,22745,44,118,1164,923,7757,894,29633,276,1998,130,1325,1262,233,17518,653,165,97,3293,2719,2770,4192,2593,8310,578,741,58,546,1840,1441,5662,34,342,2012,1248,1598,1370,1207,1218,63,34549,1085,49,258,9693,2101,679,5413,3485,6121,427,1669,2582,621,5303,4205,2975,99,594,1748,616,215,27114,7039,163,485,72,3174,2380,5331,429,23778,1663,885,556,111970,137,366,2032,17443,175,2402,455,3289,421,76,553,566,422,27,1402,1499,255,144,9130,2287,904,481,815,662,191,173,2255,1347,590,1222,2616,855,2637,219,1300,2449,4953,3020,484,9775,471,24010,5804,3183,29124,39513,7094,1022,40171,2992,138,20326,3832,1083,940,2633,550,7039,9592,866,1813,29461,333,229,794,3407,465,599,245,1277,138,1139,1143,913,451,936,507,12471,697,603,1048,36944,3324,1103,434,254,1022,3020,1699,2538,1064,545,1566,1895,1046,6496,497,1185,4386,1262,4250,2662,772,7307,39704,2828,3065,1666,5318,1289,1540,738,2227,3696,6537,36566,9669,1636,1304,11597,994,738,4447,3062,779,758,1555,723,2963,1145,132608,1766,779,13235,2950,1053,4728,1130,83,12689,54,236,2479,1013,1517,1206,883,19918,3472,2720,1001,1158,41679,30725,444,51946,65191,1206,40591,453,105097,311,1855,825,4020,6664,488,51946,4121
131980,100% MeOH - fresh frozen,10706,22553,33850,53192,68223,81219,79342,187174,161489,171070,156381,131452,99473,639,9826,361,23603,1934,10759,3307,166715,193,412,45899,6094,7805,2468,5319,2703,228934,12010,364,26329,2120,230,7358,5398,9175,278,1517,535,25944,19741,39908,570,850,1600,1894,23975,5875,15362,14363,214,6276,463,1240,3528,904,7434,503,123637,320,637,276,776,9186,10934,26277,574785,121,387,1905,363,309044,43,6477,102,70376,4065,23273,12714,1976,5305,187,3210,15859,11322,3951,4253,1098,1505,2349,294,1479,13446,4724,3006,491,163,151,393,300,2391,16057,7387,21138,2301,106065,1080,18425,140102,590,81285,9378,1403,642939,54821,509,689,623904,996,24677,1300,791,5850,158,143540,1467,469,443727,196,240,54882,261,1282,1081,2123,10342,16790,221,1098,37777,190,2321,10232,756,27208,5718,523,4597,1043,578,3592,755,1225,1099,20281,881,70459,475,700,5665,14088,1535,80605,22517,5092,767871,1107,1227,19242,889,41480,633,77137,207467,312122,39123,1837,879,1181,257,2915,15511,1791,11941,121075,6413,5966,2365,3479,236,1009,596,1377,93,2963,5883,84492,8893,109,8005,1503,11096,184,1552,2399,378,183,2204,294,3112,1241,1641,2434,29379,132,2199,54,3161,19348,15698,403,270,2631,30628,852,38875,677,271,1166,5053,1317,1202,337,238,3998,104,649,4083,489,1005,224,1082,3472,2048,110919,15259,1020,832,1713,154,527,223,33273,394,72766,33,173,2144,2575,1477,1218,15820,484,1766,2478,753,298,799,7734,1143,162,541,4156,6349,4235,3071,1711,7252,1908,923,76,203,2348,784,3626,33,464,4939,1177,2828,1444,1385,337,515,4885,814,155,271,3280,830,774,4410,2580,8483,806,2471,1194,368,6443,49,1716,123,911,1366,336,100,37777,612,159,726,89,5743,3741,6405,450,33263,611,1219,600,102894,132,4632,1159,20830,575,646,690,3040,384,829,652,37,314,76,1330,534,260,52,7018,775,1234,245,371,606,785,413,1155,1059,417,923,3397,414,2670,216,580,1655,7471,6378,1034,9180,573,6719,4477,1420,21881,6892,9586,1404,26711,3085,256,26083,2828,1327,904,3889,1563,612,11641,2281,2608,21558,439,77,1050,5156,389,243,566,1586,185,1404,969,725,889,496,971,16282,552,760,1413,27373,3747,729,331,223,508,498,2272,3889,2929,172,4114,2500,1761,12218,606,1872,5700,773,5465,3787,615,5888,27555,2046,3029,947,5658,1298,674,1992,739,3946,2660,26992,11891,3161,1434,13691,816,1907,3177,2869,1298,1606,3098,820,3087,3041,133692,805,1298,14447,3102,1357,4376,1122,269,1563,33,195,1636,2822,788,2728,768,20539,2270,2698,991,1338,37148,22724,873,126702,166870,2728,70459,297,183570,135,1560,3879,4364,1754,1252,126702,6515
131981,100% MeOH - fresh frozen,17237,31152,41841,60627,75490,90409,88024,214838,182860,197323,193975,166629,124290,451,8304,192,14206,1309,3163,3955,55757,80,489,48154,3532,3428,2460,3888,22,223473,8413,561,13982,1977,44,5943,6940,4041,301,1413,402,23768,1886,48842,397,360,696,2051,11821,6467,14313,13551,176,2818,340,666,2130,699,5342,551,34828,307,298,54,218,29534,13573,24562,532840,29,289,1158,208,190892,73,5988,128,43076,4845,29920,10224,1190,1090,187,5481,7734,4514,898,1633,1487,816,943,91,981,7169,3828,3366,708,49,74,144,94,642,7350,7883,7906,703,41067,73,15661,133317,494,65063,5961,208,627817,83048,447,153,562522,574,27178,774,548,4350,178,134651,1614,532,439131,139,221,54081,156,217,1335,1781,6590,3602,121,1026,14671,83,1948,4982,310,7758,6148,614,3797,727,153,1061,547,438,478,17154,1424,42817,246,750,2360,8697,1192,70287,15360,3453,544914,1606,900,12459,362,28445,1238,44458,96493,144830,21879,84,183,92,18,7952,11956,116,20020,57531,2669,6214,6029,2666,85,99,87,324,74,353,13036,63976,2237,20,316,129,9544,43,1403,574,71,65,547,103,469,8672,974,4062,22922,16,284,38,1222,13085,12608,27,98,3490,21849,309,1905,103,38,463,1386,967,1522,984,43,6188,70,248,4611,46,1077,24,207,1612,1731,107336,11833,393,727,828,96,52,138,18169,196,21246,15,282,1019,1832,3222,268,23232,43,1441,51,928,643,472,10895,596,252,70,2150,1888,2757,3100,1680,7372,392,773,41,208,2138,858,4778,49,412,2060,772,1858,1554,970,810,73,37716,683,24,292,9307,1679,1374,2601,2646,5543,483,1629,3366,323,4556,2922,2121,74,402,1381,234,102,19628,3509,106,848,46,2254,2508,4573,375,28249,748,944,462,93096,74,278,1991,14471,196,2074,603,1625,936,31,717,752,306,80,647,1268,226,140,7802,1614,759,500,417,413,386,153,2424,756,474,1148,2471,707,2015,133,1252,3155,6385,3577,717,7268,388,5516,4392,2097,17319,227,9118,1002,29072,3141,1540,17348,1101,1014,737,2094,287,3320,8841,1976,3081,17412,246,152,800,3364,424,301,130,1419,86,1059,843,965,1053,250,455,10853,324,556,842,30891,2794,802,368,213,533,3577,1524,2423,2277,537,1699,2087,2431,8243,466,1047,3199,929,4453,2343,609,6485,28068,2580,2325,1023,3835,1465,1407,883,1637,3727,7171,30891,9329,1524,1128,8556,846,883,3043,2277,400,2253,3261,808,3938,1256,103987,285,400,10562,2043,1018,4842,923,264,9118,88,240,3191,874,1139,2155,732,19638,2075,1960,697,1003,23327,22333,591,66971,32082,2155,42817,373,124248,133,1489,1785,3191,2796,905,3168,16816
131982,100% MeOH - fresh frozen,21954,37334,52521,74717,83858,100473,95962,236429,193746,204787,193396,167779,128825,603,7191,255,17323,3022,4443,4243,67536,44,603,65032,4188,4071,2227,3597,39,213202,8846,771,21915,2431,77,5638,9039,8457,274,1421,389,25601,2068,89640,734,583,1113,2329,17718,7170,20033,13463,202,3367,404,653,3505,647,6494,795,46513,191,404,87,243,23694,12836,25647,548312,59,397,1554,256,285641,36,6136,137,5965,5731,29582,10795,1747,811,183,8933,9300,5954,1994,1975,3696,878,3242,149,945,8633,3747,4755,902,34,66,487,249,876,8733,9191,7732,856,48972,97,20106,133310,620,58524,6611,1273,769613,239601,446,168,554311,669,36861,976,887,4120,266,128160,1489,556,430599,195,278,74443,182,344,1066,2075,6980,3814,180,1406,15327,124,2699,5351,267,14033,7315,555,5714,629,102,602,1106,457,637,17054,1879,65097,416,635,2886,9684,1250,81755,16368,3797,615734,1513,1005,13423,507,28537,1146,53258,90035,137553,30514,59,134,111,20,9986,12923,85,15918,64610,2505,8102,6164,3610,96,109,65,402,87,402,27981,59872,3693,47,161,24,11131,30,1185,926,211,101,989,88,919,9353,817,5247,27429,14,214,28,1472,14538,13278,10,127,4506,24140,416,2206,24,65,482,1796,1261,2866,1467,374,9438,141,297,6894,82,2076,765,292,1880,2320,111942,14433,478,946,885,117,63,177,21406,286,19724,67,306,1151,1811,5310,423,28698,316,1681,103,1418,1126,394,32052,711,235,69,2574,2157,3178,3818,2099,8469,339,932,48,269,2923,899,4941,21,430,2354,997,2097,1724,1182,1194,104,33039,941,116,213,10640,2137,1322,3152,3245,7099,543,1606,3472,479,5888,2441,2467,88,487,1605,397,129,24511,531,148,912,18,3228,3069,5835,510,37730,748,1167,486,103635,151,306,2481,16958,160,2083,487,1854,1024,42,1088,760,299,125,995,1337,341,160,8712,1778,1084,95,487,381,442,665,3324,986,731,1244,2637,1028,2386,186,1113,3266,6749,3829,817,8648,473,21925,5051,2239,25759,41982,4319,1126,29159,3425,148,20044,1289,951,913,2377,334,531,9871,1521,3006,25689,435,53,779,3500,510,272,200,1948,164,1223,982,831,1249,183,571,12151,315,620,991,37026,3517,1001,351,96,648,3829,1991,2925,1091,469,4865,2336,2631,9642,627,1173,4267,829,5486,3179,644,7180,42183,2718,2936,1522,4202,1625,1355,678,1768,2460,7195,37026,11119,1991,1202,9173,822,1020,1406,2618,396,2478,3149,811,3823,1294,115391,384,490,12568,2405,1095,5712,1259,204,9635,106,433,3276,797,1336,2170,741,18411,1659,2344,935,1012,32190,24081,545,74482,42073,2170,65097,541,153100,149,1723,1783,3388,5554,698,4831,4733
131984,ACN:IPA:H2O (3:3:2) - fresh frozen,23456,36196,46432,61624,74889,91028,81376,184582,169433,184319,183765,161415,120248,241,2212,184,22160,2325,6229,2603,21796,172,182,32184,7738,6703,1449,1167,52,215001,8890,311,28569,1007,215,3131,4933,26397,290,1086,178,7036,6207,20560,602,444,6974,2168,91589,4861,21744,18505,417,3981,246,287,2889,669,6963,314,65653,249,438,106,215,19231,1518,8794,546170,120,356,216,471,91555,116,11098,90,39252,3962,16897,6051,2925,1584,102,3837,3776,8663,961,6195,1325,428,2697,98,698,12225,2632,3652,636,15,111,258,396,1037,5210,8715,5715,2257,61723,83,12454,37229,350,44661,5100,1005,188515,30642,239,230,139271,672,34876,1907,501,1126,228,38676,1135,319,289515,185,150,35416,182,324,1290,1652,5411,9846,170,1203,21971,285,885,1878,503,26138,3354,430,3120,299,758,1678,614,134,1250,8572,1168,21952,517,804,2076,7793,315,44946,11756,5369,406921,232,1276,10197,356,36970,766,34989,47650,64760,17912,18,50,43,51,6155,8998,235,15247,43267,1244,4990,2896,2559,78,57,69,216,67,273,5574,48201,5983,26,402,52,7071,73,1258,1919,184,58,1820,65,657,803,986,3113,11310,12,157,66,1256,10224,10734,30,122,1719,17826,148,1223,45,42,483,1324,310,2016,934,11,6338,69,323,2093,153,1190,1967,259,1426,1594,71668,12980,330,1326,535,68,38,127,12947,2009,15441,48,95,683,457,1353,634,11566,54,1292,145,1231,667,115,12138,1213,112,122,1998,890,1952,2539,1486,4558,548,585,73,366,1429,161,3676,47,289,1364,1228,1340,926,1078,592,65,17451,134,155,196,6823,985,139,2641,2372,3629,318,1114,59,92,4108,2487,1456,151,589,1269,840,50,21060,142,119,141,25,2914,1611,4135,87,18407,1701,799,809,64332,126,4744,1376,11745,59,2240,560,1557,231,70,481,83,300,65,241,1676,91,154,4101,1289,611,387,68,532,344,560,1718,1130,645,845,1942,776,1462,82,1175,1692,3694,2213,509,1584,337,16814,3337,830,33584,37874,3639,559,21910,2805,1440,14752,2925,527,624,1906,336,417,80639,153,604,33975,457,124,523,2188,352,323,258,824,36,658,724,707,68,530,295,8950,296,425,1163,23504,715,460,479,203,659,2213,2293,1824,2110,587,2777,359,230,4163,359,1250,2474,1105,2621,1454,709,4787,37986,2469,1871,626,3438,1172,1429,1215,1322,2146,7608,23294,6715,1493,837,8178,743,816,2293,1988,622,1745,742,510,489,1049,85296,1458,622,8307,2683,601,1583,2110,332,9198,66,199,1781,735,1018,838,742,658,966,1490,519,1263,12051,18362,705,38479,29729,838,21952,405,76893,360,1402,17149,2700,2418,611,39037,1600
131985,ACN:IPA:H2O (3:3:2) - fresh frozen,18407,34647,49889,75979,82560,99497,102608,248090,204260,247821,219684,189775,142268,801,11144,761,26680,1381,6064,4192,175003,373,385,84988,7677,10924,6503,5146,5126,161494,16884,740,34323,2214,202,11397,9568,5442,948,2208,1286,51513,3907,114235,1939,1638,5994,2139,32989,10114,29476,94789,439,5675,1179,1715,2391,11174,6416,665,175434,1871,949,123,520,59044,11543,28160,112904,435,359,79,398,407922,28,6100,975,624773,4103,66886,18978,2419,522,224,10551,13693,7917,1419,9698,4397,506,1884,720,3300,12698,13705,4525,993,60,384,47,444,3582,8734,8260,14561,2549,128148,866,22538,164192,877,128135,12604,4658,951045,91272,937,640,525355,1244,26612,2146,1118,10180,367,148900,4869,908,1359438,227,849,71917,151,629,1541,2591,14626,4968,296,1544,45384,176,3263,24674,709,38658,10805,1287,12250,1217,474,701,631,350,772,33315,4298,89587,737,780,7647,17737,2401,103657,46120,7638,869737,1606,4394,28647,1310,101538,1253,131839,102395,158597,35213,384,100,163,22,8210,22284,410,11516,169836,8590,9458,4041,4409,107,108,151,332,36,811,8434,113727,7568,26,193,133,18496,342,2565,3918,227,88,3210,145,1015,4259,1213,2667,33264,35,790,43,9906,24452,18504,72,91,3875,41010,651,2929,55,123,938,1877,1945,3890,2249,939,6918,169,2442,9646,1797,2579,572,520,2952,2471,161315,26748,811,1515,545,125,63,210,22032,880,52926,109,244,2192,3529,2668,490,23085,1086,2438,212,1613,1680,422,35386,3798,2847,187,5450,4136,5527,4613,3287,10886,1379,1595,178,445,2763,101,6149,24,1137,3796,2649,5831,3108,2420,1750,217,5900,82,240,311,8874,719,988,6835,3236,11266,1016,5614,1058,178,11433,78,1980,110,2878,2743,399,77,63278,1135,212,874,127,6180,4168,11211,183,36608,786,2133,905,156893,165,6631,1806,26086,599,1934,288,2641,682,135,868,48,445,125,751,1571,194,148,7281,1904,1788,132,272,1457,948,195,3267,1925,727,1382,4451,1151,4181,474,2117,6078,9540,5692,1002,14133,665,33388,7757,1089,65794,48874,18650,1494,44818,6069,299,32296,2667,985,962,1202,1655,1135,17072,821,2077,67602,838,237,1404,5050,637,555,808,1722,234,2957,954,1065,553,824,1381,20201,1075,1680,2893,49016,3775,1194,418,204,596,5692,4136,4090,1653,238,29449,868,1713,10985,1287,1202,6631,1523,7802,2500,557,10145,48777,3680,4813,1186,7468,1756,819,1522,1990,933,6426,48414,17345,4123,2154,16993,1415,1644,4842,3986,1393,663,4131,2976,4191,4579,234012,1146,1393,19606,3433,1537,4702,1733,286,19052,79,602,6130,2192,1567,976,890,7627,6233,4188,1369,1757,23988,40710,3395,107061,84160,4279,89587,553,197656,1437,2784,1435,6056,4584,1147,3260,4943
131986,ACN:IPA:H2O (3:3:2) - fresh frozen,16256,31867,49526,78578,83843,105111,99998,242497,209953,233251,208570,168794,118874,748,7849,693,21040,1815,7372,4943,181589,473,484,80879,11157,8693,4904,4003,395,333296,12770,560,29309,2273,265,11009,14093,26640,894,2504,1064,32864,6859,214105,1406,925,7910,2142,45916,10179,32095,86054,953,6755,1041,1073,4119,4306,6509,245,144903,912,744,199,216,49775,6147,43044,632688,314,487,154,294,499406,40,8346,628,349349,4415,43663,17033,2943,1068,92,6776,12119,6719,1733,4319,3094,1322,2249,461,2519,12350,7633,6043,676,121,340,318,533,2525,8248,9813,14289,3662,126596,854,18771,141599,842,107753,12092,5333,810818,55907,685,687,428954,1281,33757,2367,913,4324,239,239625,4271,937,693547,194,425,72074,248,614,1207,2128,12511,5265,263,1532,37394,396,3085,17741,659,30721,7238,1386,13330,920,3388,1181,810,567,337,29618,3964,109782,765,700,6651,18297,1952,105534,41814,6876,814211,1084,2763,23858,1241,112491,1178,118865,116241,192607,43784,557,114,512,17,4819,20789,897,16735,180296,13575,8420,3556,4283,71,322,113,642,45,716,9484,106361,12498,51,266,443,17663,109,2394,2621,104,77,2416,202,1375,2886,1373,4382,24446,22,863,31,5073,24830,20810,176,181,3754,39467,557,3195,73,75,936,1513,2569,4787,4048,818,9233,120,1302,9878,437,3236,1863,306,3058,2871,189717,22872,785,1694,1356,73,55,283,25382,796,34489,68,207,2218,2712,4479,768,14374,1266,2408,102,2017,3192,479,21986,3442,219,141,7044,2820,3768,3870,3079,10103,1071,1452,122,694,2819,104,5506,24,1148,3425,2802,4782,2665,2135,3844,130,2782,94,276,317,5778,1372,1198,6124,3525,10759,882,5533,809,170,8952,684,2793,308,1502,2934,353,127,48215,4643,238,590,100,5364,3760,9189,134,36733,2124,1459,1585,155356,171,5265,1321,26428,323,790,451,2512,562,45,801,31,454,102,704,598,338,63,6465,3093,1480,218,186,1539,291,698,2268,2135,560,1504,4140,694,3277,228,813,5851,10222,5177,1254,14661,729,32557,6674,2135,59336,62604,9780,1527,42084,5025,278,30579,5445,1498,725,1706,2049,4030,17465,525,1743,59336,442,94,1345,4327,410,583,641,842,192,2167,775,1158,259,1384,1010,19149,841,1736,2414,50536,2787,1054,400,192,448,5177,3268,4096,1718,567,2838,473,568,8979,1218,1203,8301,1845,6711,2646,681,10081,63167,2520,4639,1067,6834,1444,1395,3613,3264,905,5037,51572,16122,3268,2272,16041,881,1324,4542,3562,1237,610,3481,1625,6826,4271,208994,1763,1237,18411,3484,1486,4249,1718,295,3811,47,175,5905,1424,925,3065,853,5209,7352,3254,1677,1389,17239,37860,2526,88568,96169,3065,109782,643,215903,1233,3071,671,6011,4037,1630,89882,18153
131987,ACN:IPA:H2O (3:3:2) - fresh frozen,10834,22493,35307,59014,69089,86220,86135,219798,187194,215818,195349,156824,117580,987,11046,657,22598,2410,7191,4749,155814,472,280,59368,9335,9591,6092,4565,2222,220424,16446,568,21165,3305,246,9185,11556,8284,1004,1957,892,35000,3365,67766,1380,1330,6985,2192,33417,10015,27121,94959,414,6637,1233,987,3944,6647,8273,312,185715,1595,768,104,254,56710,8337,28738,607923,374,382,311,348,402467,25,6071,489,482819,4918,40714,18165,2424,2003,199,4550,11777,7543,1836,5518,1762,562,2220,536,2316,12618,10289,4113,671,80,422,388,354,4154,8213,7502,13673,2945,123079,1546,17638,175093,662,129050,13017,3067,554285,50759,969,979,786467,1213,19016,2123,873,5505,237,154442,3480,880,1104322,199,295,66524,283,622,1602,2310,15056,3933,205,1177,44550,96,2834,20814,752,31417,7515,1444,8712,1396,415,1847,797,414,630,32761,1137,88398,413,790,7322,18826,1607,92409,38483,7925,873756,1185,4597,27226,4818,79478,785,130511,121903,179506,34054,82,108,337,16,4623,21509,710,18800,171473,10110,6500,4260,3525,103,252,68,593,121,683,4306,118348,7661,50,9239,263,16323,285,1399,5294,263,37,4548,83,1080,2892,1459,3745,25788,18,809,59,10450,24282,26739,36,162,3955,40553,329,38812,36,109,893,1730,1826,1487,2731,25,5047,16,2184,5682,2422,1063,1005,395,2464,1932,148212,15800,758,997,1958,149,666,232,31342,738,35792,72,151,2735,4502,1428,539,16847,329,2487,2960,1283,2091,699,9891,4324,154,269,6133,4551,3518,3131,2524,11132,1413,1793,116,411,2618,252,4989,19,857,3575,2582,6006,2079,2159,2565,407,3682,80,172,351,6580,737,1326,5714,2588,11732,866,4258,826,117,9967,83,1254,196,2017,2151,297,58,49300,3412,247,619,126,4668,3895,9918,282,33934,1054,1275,2009,168714,128,427,1564,26000,447,654,532,2595,568,1055,587,49,418,58,517,658,58,96,8783,2430,1134,325,159,1088,323,479,2020,1522,539,1067,4312,525,4228,519,834,5383,12091,5412,1031,11960,696,38515,7639,1055,44226,40529,24539,1575,46045,3851,2400,30682,3821,887,906,4079,1651,3526,16691,1263,3692,44704,621,71,1120,4976,1570,505,917,1413,171,2238,967,1192,369,1145,899,33289,850,1195,1980,41659,3513,881,437,141,796,5412,3345,4079,1111,219,2049,842,1273,9384,1064,1986,7852,1854,6451,3597,778,10032,41025,2881,4644,1098,7085,1361,1540,931,2397,4624,5785,41482,15918,4391,2387,19119,1008,742,4391,2822,1237,1443,4397,2212,4743,4394,187888,1656,1237,16826,3202,1490,4568,3083,421,5670,36,168,5421,1550,765,3494,911,8540,4409,4106,1189,1705,16288,42678,1136,100621,85860,11487,88398,496,190124,1111,2240,2463,6462,5031,1639,100621,4016
131988,ACN:IPA:H2O (3:3:2) - fresh frozen,12881,26592,43092,71069,77426,95980,96424,228360,197822,228257,204169,169234,119838,1064,9885,885,20323,1770,6569,4410,155998,541,372,63625,8023,10782,7753,4880,1505,692507,15754,553,13957,2130,263,10854,9117,6825,1292,2468,1038,49894,3047,93684,62,1020,5179,1885,42363,7839,25670,78382,677,5878,1290,1766,2038,5959,4993,332,142305,1421,568,3974,240,50137,9569,31610,641720,512,317,228,269,456759,36,6928,577,492728,4599,23155,20575,2395,1089,232,6100,8528,6660,1781,3601,2075,408,1566,531,3312,11370,12791,4586,530,80,370,284,298,2808,9400,8057,12467,2985,133522,1269,20172,152239,656,104375,11578,4624,647712,26530,804,824,538711,1413,20524,2372,804,11634,258,180335,3719,933,1284551,171,372,65052,196,524,1683,2094,12772,5044,308,1241,47464,212,3306,18078,1278,33852,6846,1423,9466,1062,752,811,611,424,539,31565,4217,99676,500,824,5903,16007,2367,100308,40974,6519,739129,1366,3171,22809,632,88480,887,98668,163697,251945,37477,407,89,742,33,4232,17943,953,18758,157137,11933,6575,3855,4130,88,442,149,711,106,559,3777,110078,9924,62,304,627,13641,300,2264,4538,110,57,4193,246,2049,3499,1026,5757,29089,54,1009,25,6370,20773,23343,200,125,3128,34813,442,2736,49,121,1155,1610,1943,2352,2287,881,5155,125,1353,6620,1359,1633,1470,459,2198,2227,145478,13107,618,1027,1289,185,84,264,25360,638,33980,57,353,1751,3315,2897,402,12546,1143,2352,187,1500,1747,603,12427,4422,1309,261,6882,3295,3938,3687,2318,10296,1076,1301,142,666,2542,155,4702,46,1209,3275,2064,5151,2942,1883,2262,52,3704,67,117,292,5158,1336,1193,5339,2547,9681,1035,4584,6921,150,10460,170,1939,312,1966,1933,372,98,48554,974,207,693,112,4626,3344,10496,217,33554,1276,1288,1360,142734,112,489,1125,23627,314,803,522,2254,687,128,683,57,459,119,556,676,237,40,5767,2316,1067,709,229,1298,457,567,2568,1483,621,1205,3606,493,2856,170,953,5854,14709,5388,972,10420,697,9406,7311,1376,50098,44358,17398,1526,45604,4931,2547,25378,4050,1314,668,3150,1346,974,16064,1080,2997,50098,530,338,1124,4142,402,936,730,1134,206,2806,747,847,633,959,1140,16087,894,904,2068,40905,4178,833,351,346,556,5388,3314,3416,1481,435,3088,774,1745,7431,1481,1325,6780,1474,6042,2502,790,7926,44786,2335,3997,940,6680,1308,1363,1401,2378,4381,5335,40809,15772,3163,1873,16095,1311,1443,3314,3298,1037,697,3707,2754,7738,3877,178994,1705,1037,15972,1457,1500,4710,1481,298,17398,67,307,5804,1455,892,4248,886,8444,6560,2929,1100,1943,15576,35006,883,98219,70395,4248,99676,449,200836,1363,2109,2407,4969,3988,1117,98219,15540
131989,ACN:IPA:H2O (3:3:2) - fresh frozen,21621,37013,52119,78640,84126,103152,108292,249498,216845,278181,240875,199898,135085,1177,9823,767,28100,1106,11124,3854,221621,1021,460,82883,10121,11339,5069,7040,3848,204874,20714,602,21693,2221,331,11672,6465,6948,1367,2965,1100,33177,733,63697,1044,1422,8351,2574,25616,9260,23701,122869,105,9682,1298,1662,3902,5847,7591,348,170381,2532,980,191,694,62694,9966,21481,659656,1014,266,613,820,377747,49,8210,564,476694,6394,17943,20066,4223,1763,244,6885,16597,8058,1359,10449,2320,1625,2261,723,2624,19108,16147,5300,1200,73,622,454,319,4670,9494,6844,12479,2117,128261,2314,29521,93397,830,134538,15020,4086,396373,16129,876,1589,680204,1670,18109,2829,1076,10104,294,117042,6649,961,1385459,196,237,96883,171,321,1880,3271,16129,5266,165,1417,49024,190,2515,19926,1568,17383,6026,944,7057,743,35,1589,1025,361,807,36517,4516,84636,488,736,7231,17884,2442,115675,41915,6954,890250,1357,8409,28419,943,73942,1668,120900,157463,226458,51280,581,222,236,19,7594,20096,351,13569,210905,9460,9203,3896,4458,94,188,141,326,147,626,1535,131955,5899,30,246,275,12474,553,2545,8212,97,33,7110,121,1226,1948,1990,3933,42557,23,995,93,10883,26795,27775,219,96,3856,44329,342,2587,35,117,935,56,1751,1669,3097,962,6818,146,1914,4256,4800,1066,2012,340,2450,2511,152785,31091,1033,521,1736,191,35,112,31453,2111,56955,78,173,2993,2374,1689,976,24715,1043,2260,317,1942,2378,607,14770,6007,1301,441,5929,3087,5088,3293,2900,9990,1368,1474,261,535,3838,203,6296,34,1003,3555,2313,6002,3194,2589,2655,86,4063,114,127,317,9739,1012,1254,4078,3911,12906,1092,4680,4703,122,11658,206,576,250,4247,2648,1090,139,82921,1473,289,427,185,6002,5384,11572,244,49664,1473,1720,756,131703,209,595,769,27782,290,2457,383,2579,590,95,949,849,526,70,436,1490,381,156,8183,599,1546,672,180,1109,236,307,3232,2701,796,1514,6432,622,3782,1473,1816,6514,11582,7778,1212,12632,969,38154,6224,951,53976,58817,7675,1372,41663,6648,3913,35105,7004,1281,892,4592,1618,1473,14261,374,3055,53976,644,265,1779,5794,563,502,725,891,382,1734,888,983,285,1620,1116,22136,991,459,2517,38192,2916,1007,501,546,339,7778,7193,4592,2350,63,2061,1567,2159,19284,1336,1356,10312,2117,8148,2641,805,9475,59064,3661,5010,854,8352,1481,1575,1377,711,6223,7326,37867,17730,6948,1879,18348,1312,1069,3954,4520,1709,744,2149,3123,4697,5196,188025,1911,1709,26266,1353,1372,2817,1298,311,5380,108,309,6453,2320,1366,4521,966,13492,5595,3752,2049,4036,26221,34691,772,159193,77586,4521,84636,639,238739,1225,2839,1012,6250,4485,2497,159193,6692
131970,MeOH:CHCl3:H2O (5:2:2) - fresh frozen,16630,29415,40368,60609,71426,86959,85488,203150,177234,190602,170354,150091,116518,579,6085,278,21514,740,8845,3933,139210,270,303,36077,6295,3989,2513,3865,1432,767022,8060,443,22880,1224,889,6743,5111,5404,589,1660,531,17322,1046,27798,859,1448,9217,2110,28603,6328,7386,50339,277,5793,640,779,3117,1032,6777,237,111180,1767,459,228,424,35879,6512,19755,573316,669,387,2361,152,279376,37,5861,215,123158,5409,16754,11794,4322,987,133,7184,27520,8085,2869,4884,1265,1136,4154,381,1045,12840,6114,4122,702,58,335,704,182,2169,6478,5870,6230,2225,87809,1058,19887,92167,621,81252,8292,2098,318040,24699,561,661,660832,1051,14837,917,666,3788,270,112994,2301,521,651206,119,241,54561,220,458,1390,2896,8687,3412,209,1158,32655,157,2206,13407,976,16576,6210,671,5103,490,158,631,1310,589,286,19660,425,62802,525,692,6194,12185,933,76382,21192,4689,686113,910,2677,16885,536,65000,566,86647,231321,368386,49109,47,109,70,9,4648,13905,351,11440,116183,7365,6309,2987,3123,77,84,144,375,79,451,2793,90762,6654,32,8615,164,10851,51,1611,712,203,133,631,64,660,1220,1287,2620,21103,31,499,36,4917,17589,17332,165,85,2398,30375,187,39819,8,880,515,1569,1447,1647,1161,679,4358,71,1135,3274,1146,980,810,195,1762,1879,103967,20256,523,734,888,156,575,250,24307,727,34813,50,161,1730,1725,1435,998,15988,167,1710,2745,1360,879,474,13082,1552,74,64,4584,2386,3266,2750,2047,7156,1129,1086,18,242,2140,337,4145,39,542,2091,1296,2748,1434,1655,1011,608,2357,1111,134,181,5510,1111,650,3272,2920,8214,570,2366,4043,214,7443,137,1216,227,1106,1836,560,71,38661,844,200,423,74,4207,3319,7472,347,28444,1006,867,269,98465,65,2835,1724,18710,154,1233,455,2578,485,935,745,39,409,84,237,952,74,259,7674,1151,803,247,258,903,495,399,3509,1785,343,1127,3431,757,2384,280,1217,2653,7538,4383,897,8933,483,27520,4425,807,28728,40252,10277,1031,31286,3752,2007,22130,3716,920,824,3027,1040,844,11743,1220,2855,28635,711,150,1049,3766,475,273,388,1189,242,1111,995,1458,504,700,721,24148,474,1297,1673,30018,2844,708,377,126,544,685,3100,2762,2927,213,2684,2921,2022,10907,686,2028,4706,1767,4970,3650,722,6406,40390,2819,3252,824,4990,1417,1499,1004,1279,4003,10255,29711,12984,3949,1248,12730,1161,812,3949,2964,1104,1598,1932,1348,3029,2724,125700,1002,1176,13987,370,1014,2799,782,313,12926,64,146,2644,1499,1229,2371,840,1682,3250,2426,941,2041,39073,25925,2019,83709,58748,6733,62802,431,144100,559,1906,1905,4458,7642,1292,83709,4849
131971,MeOH:CHCl3:H2O (5:2:2) - fresh frozen,21587,37595,50368,75932,82859,103101,112636,294305,214427,247533,233920,202197,135977,440,11810,464,24036,815,11350,4763,202719,395,277,46515,7727,5080,2891,5996,1539,35318,8975,659,22722,1144,1166,6210,7095,5519,702,1770,1259,17768,523,91781,570,1287,13188,2336,31425,7108,9510,79507,308,6416,366,482,2442,4083,6521,493,110942,1279,420,171,1026,23211,11298,24557,614512,1299,405,3079,453,325459,51,5503,410,309637,4800,25396,11187,5141,967,237,7828,9179,10176,935,5645,2595,579,798,402,1469,16747,17177,4826,826,19,491,384,372,2010,7709,9013,13210,2455,168308,1332,19549,159436,541,88200,10377,3404,349690,25705,805,700,963727,1321,20153,1141,601,1986,201,126927,6005,614,1178359,139,667,69055,125,542,1566,2739,10136,4394,185,1380,42055,236,1531,12790,378,17933,10577,561,5340,1142,386,1331,609,570,726,25357,2931,73411,702,775,5310,12325,1382,70500,35551,5701,647358,1253,2629,20378,440,110292,1397,86620,140524,200978,34022,30,81,139,52,6248,13825,230,12536,122105,9337,7677,3141,2751,47,145,72,177,103,570,5207,83810,3278,40,401,397,9391,78,1885,1220,105,46,1051,137,470,1046,1115,2364,18262,24,535,46,3759,15832,12258,39,149,2371,26460,176,1870,23,538,754,1764,1721,1783,771,941,6349,155,871,4369,495,961,1198,272,1437,2092,102343,28652,669,518,712,106,58,169,19072,716,30213,114,155,1514,3009,2788,519,24419,803,1770,108,1880,684,933,19835,2263,1208,62,4732,2926,2989,2753,2310,7377,842,1004,61,240,2696,489,4410,16,742,2631,1735,3885,2460,1668,680,151,2021,1126,243,232,6808,753,974,3474,3223,7031,756,3350,2187,377,7787,272,1855,224,1236,1454,683,153,43053,804,117,1360,76,4104,2916,7847,232,35734,1063,1178,487,98480,93,513,1113,16212,179,3085,319,1862,396,78,982,63,383,136,491,1922,252,254,7447,1287,1122,341,459,1539,346,618,4075,1957,701,1202,3308,1247,2410,137,2043,3481,4807,3927,797,8135,575,27097,4898,813,37666,57408,11882,886,33324,4979,2390,21325,5869,716,766,2456,1709,790,10238,658,5940,38189,713,128,1003,3914,474,454,446,944,212,1043,799,1762,242,1017,880,13033,887,764,2131,33689,1603,816,446,291,607,3927,3048,2456,1022,331,4878,2946,1382,9466,882,1196,7907,2236,5142,2796,762,7000,58081,3651,3424,882,5777,1774,1493,2200,1177,4499,8924,33658,13065,3104,2023,13000,1189,2200,4342,2744,1143,2803,4104,3161,2011,3471,140437,1311,1143,15316,3116,967,5385,1038,231,471,112,307,3526,1289,1762,912,955,1860,4561,2459,1077,1922,46509,27592,894,73538,61871,2553,73411,497,121759,832,1557,975,3683,2881,886,73028,4574
131972,MeOH:CHCl3:H2O (5:2:2) - fresh frozen,16666,31189,46400,71761,78838,98767,101480,265248,195647,219249,198690,166058,124441,464,12067,590,26260,1389,15322,6070,223050,290,325,41613,8262,4871,2355,5773,649,309485,7610,523,30305,1703,1425,8477,8856,13075,665,2065,864,17020,836,128592,1070,981,16911,2115,50417,6616,11162,70847,559,6694,355,430,3080,1494,8466,244,128066,833,533,166,885,46589,10508,23298,614334,1018,547,2293,465,437127,57,8894,152,169567,5312,45749,10773,6646,953,221,8579,8509,14135,2777,3193,1488,1043,3434,455,1674,17390,13240,5480,239,12,473,504,556,1431,8606,10169,12375,3183,171563,1353,20745,244176,716,85560,10539,3863,492673,83744,637,962,1083749,1176,27483,1053,716,1506,214,109789,2004,627,1105184,124,739,57752,213,530,1317,2338,9413,4133,260,1189,46817,309,1481,11394,974,23889,13258,570,7620,1474,1232,886,1337,579,867,23404,2226,97462,926,713,4567,12457,1445,69800,37605,5368,695602,1452,2384,20325,488,118348,1405,79383,153287,218404,48855,191,216,171,40,7980,13556,601,17877,121413,5749,7018,3174,3041,61,132,85,349,68,455,12791,84773,4299,16,132,331,10249,70,1739,1229,123,80,1165,105,842,1038,821,2868,16873,71,392,32,2286,14967,10588,27,207,2453,25132,309,1825,125,676,666,1593,1758,3161,911,20,6015,175,578,6310,218,2309,877,392,1491,2447,103316,25622,538,761,931,85,40,413,20514,1343,28357,39,173,1105,4160,2733,651,27449,239,1804,216,1732,597,1345,19050,1891,210,87,4805,1886,2839,3259,2474,8022,858,1094,44,239,2255,738,4626,52,800,3000,1587,3535,2432,1818,628,33,3348,1265,240,200,8683,1207,813,3155,3082,8797,727,4055,1839,498,8710,272,2611,209,993,1333,484,118,39560,735,150,1867,75,4173,2987,8903,157,29549,1371,1218,385,102642,110,4067,2502,16869,183,2739,331,2386,559,57,1012,34,385,134,572,1734,93,450,8218,2125,1264,234,487,1630,415,428,3486,1974,444,729,3413,607,2406,324,2160,3549,4138,3480,672,813,517,25150,5000,986,49074,53397,7981,961,32933,6352,199,21022,4952,663,729,2495,1734,735,11247,525,5956,49899,801,74,1024,3700,501,573,534,1270,169,997,967,1968,178,703,851,21357,904,1004,1932,37671,1668,1124,356,109,569,3480,2510,2402,1073,397,2563,2767,354,9761,967,1598,6298,1469,5600,2892,635,6501,54064,3977,3606,1142,5089,1409,1364,734,2135,367,5105,37170,15060,4411,2213,12935,1690,734,4470,2937,1012,2883,6270,2586,1877,3055,144214,1723,1012,16286,1013,1007,4841,3031,262,11790,48,159,3641,1197,2109,667,808,1445,5284,2423,935,1400,52351,27891,3957,64963,63646,6623,97462,534,120728,933,1475,505,3736,1939,884,64195,5047
131973,MeOH:CHCl3:H2O (5:2:2) - fresh frozen,15735,29110,38994,53644,70549,81627,79278,185354,168234,170449,156355,137966,107506,374,2952,178,14957,1480,7328,3488,56458,112,159,19110,3977,1994,1331,1581,32,330867,3513,266,25101,937,771,2567,2487,5382,395,1035,239,13378,1260,7060,499,476,7451,2018,20620,4786,4298,36786,433,4251,169,456,2385,873,6843,195,72024,440,255,52,445,16657,2906,12051,499512,409,384,1196,243,50620,30,7298,90,32295,2848,17544,6374,3992,1095,108,1806,4932,9117,1233,1552,799,436,1564,212,616,10451,4716,2323,323,32,161,31,148,833,4011,6898,3513,1626,68880,416,11604,41117,385,40395,4021,703,267726,53768,214,257,196420,547,15537,391,422,2815,223,65535,1793,262,566320,95,174,28834,174,317,991,1632,5369,5275,248,959,23228,150,1149,7138,348,10002,7770,369,1933,168,400,442,506,293,312,8182,3110,12914,604,654,2297,6824,498,55651,10954,2278,329727,369,957,8297,293,41660,606,30257,69086,99464,14194,92,42,73,28,1760,10003,144,8035,31520,1792,3549,3198,2212,129,32,82,244,53,275,7494,26686,6816,33,8050,124,7997,26,965,368,179,177,349,38,692,916,804,2357,16230,29,167,51,1094,10960,12007,22,79,1680,18398,221,34393,30,515,326,753,558,650,330,407,3424,81,345,1574,63,475,166,194,1416,1109,75171,10376,329,1407,739,72,394,209,13510,525,15005,67,110,886,473,3015,740,7384,53,1080,2255,638,292,186,5163,303,64,47,1697,979,1790,2007,1126,4067,605,690,29,339,1126,274,2522,39,315,881,621,1057,902,772,348,615,21980,808,97,139,2548,943,213,2722,1950,4466,333,829,1953,188,2813,1633,1486,191,551,1199,396,139,15974,2686,105,147,32,2066,1979,2670,180,14720,1000,630,134,56546,71,1735,2668,11775,36,1244,468,2107,258,946,322,353,278,62,406,879,77,177,3934,1419,515,199,205,597,293,277,858,910,338,551,1904,305,1484,54,1020,900,4943,2838,686,6227,291,13996,2848,1093,14792,19050,10350,649,20021,1570,1297,825,2457,598,876,2006,339,2686,6394,843,740,14983,570,102,571,2209,340,278,204,1304,118,543,997,1265,349,231,362,8183,224,886,889,17355,1897,364,354,173,552,2838,1528,2006,2153,478,2373,332,636,3806,313,1763,3171,1115,2360,2555,687,4776,18950,1952,1312,514,2810,1143,1236,641,1277,643,3930,17602,4099,1454,781,6546,1179,592,2318,2081,441,1661,850,1020,2379,836,66936,444,441,8112,488,681,1404,2153,344,8488,49,158,833,669,1246,1391,849,10345,1545,1588,628,721,22061,15505,199,50894,20740,1391,12914,277,103462,323,1294,814,2435,2160,690,51569,2655
131974,MeOH:CHCl3:H2O (5:2:2) - fresh frozen,15048,28258,40236,62271,71112,86855,84355,195917,161735,166635,148907,125714,95960,776,9461,369,18314,738,9584,5027,154370,477,365,33392,7852,6547,2258,4250,9113,773905,4462,490,28793,899,2052,770938,7933,17665,709,2123,1325,15422,2612,360395,881,1293,13218,1870,7789,7385,9322,28978,84,6739,379,431,1696,1356,7396,367,147637,442,724,214,395,34110,9284,40139,577875,575,262,4392,461,581925,69,18086,161,82204,6181,4355,8920,4516,1658,216,3511,9483,5161,1155,12859,1784,1916,1339,229,1210,9797,3922,5347,863,26,653,392,177,3738,10131,8067,8719,2313,58330,3514,19123,166391,624,76195,7928,4791,413090,4063,383,1852,521073,1077,16591,1047,772,1978,237,166665,1941,476,290654,101,967,66452,137,521,1108,2773,8157,4114,28,1018,36740,147,1728,11725,614,21950,1202,430,9390,1234,23,1018,452,888,434,19171,1355,133976,461,528,6134,11992,1412,50706,27866,4800,685511,1163,2978,15981,439,75319,525,59183,230875,365026,58108,250,95,73,17,2060,14382,224,7313,148736,16291,6645,2295,2514,136,85,47,260,76,515,284,80383,9990,28,7380,139,7385,95,2432,1587,179,46,1294,99,832,650,1609,1558,11136,67,498,77,4081,12783,10139,90,66,2394,22257,219,37795,75,1123,539,3335,3198,1816,1236,28,4743,44,595,4001,1949,1230,558,312,1853,2421,89624,14687,563,419,3183,132,554,224,24248,922,49087,89,135,1673,5067,380,1106,27950,1077,1605,2578,1813,864,388,9912,2101,102,97,9527,2559,3391,2497,2593,5633,1120,1020,76,214,2595,734,3041,43,705,2763,1498,3303,1758,1857,1071,522,1373,1279,208,207,4235,488,2381,6774,2878,2423,748,3936,4435,362,11597,28,191,203,987,1602,346,17,57652,2090,266,1144,48,5430,2463,11573,275,34369,1046,832,352,89706,95,3747,578,17116,341,973,399,2648,440,758,759,29,380,62,248,707,81,149,9510,213,977,246,411,953,587,457,1106,1938,524,1223,3394,276,2232,1602,942,2649,4820,3278,445,9682,516,17928,3629,919,36388,56135,10937,1317,18593,4662,1675,20789,5820,1984,802,2643,2881,1490,10911,369,2170,36388,629,179,888,3671,454,261,433,545,282,1021,715,1573,126,1237,809,12434,399,782,1760,38254,1275,963,313,129,454,3278,3012,2606,843,22,2635,2192,2259,18112,695,2134,9471,1355,6019,4232,614,7360,56533,2232,3972,1602,5798,1098,851,885,213,4161,2812,37755,16201,3035,1322,11675,993,635,3052,2486,1113,1829,4334,171,1386,4263,127892,1020,1113,13663,4319,1292,4316,1016,344,3452,79,85,2580,1959,1008,1914,798,2051,6278,2178,1388,1802,65543,24103,3111,65110,172403,1914,133976,484,75505,621,1673,356,3625,2898,1432,65110,8405
131975,MeOH:CHCl3:H2O (5:2:2) - fresh frozen,19175,35015,48175,71557,80941,100209,94649,228135,209724,249112,246043,203635,145329,401,4575,347,16418,1406,4698,3620,46967,599,318,51448,9486,4578,2741,3497,57,98987,12239,620,29079,1415,1472,5550,8909,10202,426,1765,525,13725,4937,55726,1438,922,18389,2854,51316,8427,14683,79769,763,4852,259,374,2665,1711,9408,325,100744,747,600,125,129,11742,4476,24607,568709,734,347,2422,380,102622,86,26471,101,124710,4858,56429,8347,2783,1558,205,4702,6310,4912,1393,2839,1598,638,1559,444,1396,8532,9409,4698,1000,10,391,412,462,2020,5124,11670,12012,1923,117007,1242,22414,56150,605,77157,9209,1845,232668,139265,575,700,278938,898,33422,1134,632,2023,267,125684,2912,479,1016327,250,7198,57663,189,459,1774,2875,9381,3325,201,1433,42005,136,2180,12085,493,24012,12805,542,4504,346,52,2229,635,761,1052,16283,1839,24874,1093,947,4238,12566,732,68147,19663,5974,654505,604,1769,17593,363,74605,1329,100593,121986,166903,21743,159,133,279,41,5371,17505,272,21119,56857,5652,7473,6086,3870,105,157,75,271,39,558,18964,89228,4096,43,115,600,12133,45,1857,822,120,79,728,125,933,1598,1456,3955,18671,99,426,27,2819,16944,15493,108,148,2970,28337,203,1847,38,1324,651,3426,1677,1813,687,677,6484,168,823,3819,96,1353,2617,321,2054,2139,104090,27619,631,1349,1021,38,65,286,22103,1346,28223,75,155,1694,570,6291,587,25650,126,2032,216,1411,496,264,11713,938,176,100,3110,2530,3541,4671,2312,8099,830,1188,57,716,2265,351,6642,53,482,1726,1082,2215,1591,1738,607,106,2445,1383,128,279,6974,1709,535,5686,2737,6458,547,2130,4461,464,6447,1512,3318,300,1115,1905,760,163,31556,460,204,419,93,4285,2633,6500,185,29639,1694,1187,397,136208,180,2987,2115,16553,137,3645,509,2223,496,110,573,80,413,68,711,2176,232,253,8421,2461,902,530,573,1055,176,55,1664,1504,891,931,3273,503,3124,117,2060,3257,4956,3772,572,10311,431,25890,6404,1874,47925,42394,7752,1375,30357,4719,2198,1920,3633,1064,933,2613,475,460,10726,826,1101,46930,483,170,1041,3481,491,555,490,678,87,1126,963,1808,551,1293,602,12281,578,842,1562,35865,2984,1082,493,233,657,3772,2277,2893,918,595,2576,3277,988,7922,651,1379,5555,2426,4444,2976,759,8608,42827,4376,3071,749,5400,1515,1604,1240,2383,3805,6005,35560,10978,2049,1056,12466,1539,1240,4217,3093,945,896,996,2087,4195,1829,141400,1699,945,14519,1753,1363,2939,975,642,4397,84,356,3157,1256,2123,1483,904,19440,2747,3087,1104,1552,47149,32858,209,67691,40257,1483,24874,457,110417,679,1998,973,4700,3022,757,67077,3759
131963,MeOH:CHCl3:H2O (5:2:2) - lyophilized,15687,29886,41347,60883,74181,91734,91825,222039,194657,211156,200591,174877,118194,732,9766,574,12683,2134,3298,3622,87894,541,324,50521,3287,5417,3310,4934,30,206394,7549,503,17224,1557,291,6257,7130,3280,601,1125,642,30649,2303,50243,737,690,4094,2233,6357,6319,6835,31894,145,3072,478,1144,2329,1566,5793,254,52669,829,356,154,176,39031,17418,29738,537904,293,322,428,207,194586,37,3524,190,107167,5644,18233,14012,2299,1147,70,7249,7069,3433,1010,1448,1951,2152,1360,444,1529,7193,5281,3922,785,51,132,347,176,1067,7400,7938,9805,645,36474,405,20360,165245,667,61745,6274,1869,761433,37484,627,250,635638,153,9250,1338,635,7806,214,178250,1963,683,604096,147,423,72897,222,355,1311,1764,7039,3817,182,1310,19301,92,3332,6746,492,8441,6898,785,4202,860,598,1192,535,765,286,19476,1606,43642,674,1074,3167,9607,1953,80911,26948,4439,571822,2118,1417,13035,635,62436,1230,89334,218990,371557,29134,18,102,77,31,4566,14688,502,17009,69445,6986,6258,7614,2698,53,62,72,414,5198,382,8934,89252,2946,39,338,90,12109,34,1643,398,822,55,409,52,845,10057,602,3145,30508,30,385,33,2775,14107,14062,11,142,4361,24092,462,2440,23,97,481,1361,1849,1735,796,433,8078,78,567,5292,103,1287,826,176,1756,1963,135174,19252,452,807,1178,114,26,253,13654,144,34906,47,3637,1614,2379,3583,165,13777,178,1454,136,1170,619,468,16569,568,275,93,2070,1633,3656,3261,2101,8124,515,1159,20,428,2897,295,5628,35,780,2076,1197,2298,1998,1166,475,170,4959,639,6,231,5540,2773,653,2869,2830,4619,725,2571,508,269,4508,2299,2464,156,637,1663,237,71,22322,3731,116,940,28,2923,2832,4432,417,37466,1018,901,568,105304,100,234,1077,17199,308,954,531,1585,421,79,1017,1108,422,91,754,779,305,148,6414,2245,781,665,391,901,274,600,3265,768,684,1099,2656,506,2258,322,1002,4197,7264,4135,809,7892,494,21227,5082,2337,18074,569,10111,1652,24100,2896,1602,4141,1591,828,684,2625,442,3731,10728,1412,2670,17958,386,156,859,3312,397,326,231,781,129,5166,646,980,845,401,638,11085,359,1158,1062,34718,2409,724,421,263,614,4135,3153,2746,981,632,5807,2834,995,10741,844,1025,4233,1706,5165,2186,628,6326,33836,2336,2775,332,4348,1485,1360,1027,2323,4111,6401,34441,10038,1525,1097,9524,698,1019,3018,2522,547,2387,3852,1097,4206,1763,112545,176,547,12749,1971,1615,4797,2652,434,10111,35,116,4231,1374,1061,3303,844,24989,2694,2334,621,1412,11441,24110,733,78357,32102,3303,43642,454,139591,974,1751,2094,3790,3801,683,5643,2931
131964,MeOH:CHCl3:H2O (5:2:2) - lyophilized,21435,36233,47366,67900,78921,96260,93981,256738,198877,226769,220598,183942,134924,862,10170,1151,17294,2394,4213,3781,124088,123,629,64147,4554,9718,3754,5734,412,324670,8857,823,20990,1803,487,8651,7506,6091,1115,1645,1141,49685,4266,80323,1358,744,5098,2354,11711,6002,7277,48514,242,3152,1103,1879,2648,1398,6354,151,72589,981,479,158,205,50343,22713,27796,565195,553,419,385,305,285520,61,4704,203,93429,5695,38110,17614,3947,843,289,8843,11088,4780,912,1918,2667,1534,1698,525,2839,8645,7697,4495,1093,69,250,366,370,1158,10129,11206,10717,932,59368,664,26954,242966,853,71527,8380,175,1093029,115019,597,472,848184,897,11318,1752,995,12974,260,145780,2201,814,764325,164,302,88568,125,366,1315,1878,9153,4714,226,1298,32325,97,2275,11522,356,16016,14359,943,5075,1376,678,1139,716,864,285,29161,2006,65293,1076,838,3509,12141,3243,106316,42338,5669,704005,2735,2169,17591,546,89460,1171,98901,178100,287975,31555,183,183,165,20,9081,14779,624,21624,92366,6055,7726,7034,3309,45,110,59,315,4367,458,17837,116400,5405,27,256,223,12570,28,1772,686,806,84,630,68,1388,10283,1081,5340,45316,17,470,76,2618,17784,18041,36,216,5278,30679,748,2748,54,120,700,1681,1990,1659,764,57,8992,165,719,4237,225,983,56,256,2249,2337,152323,18255,681,1336,802,146,55,234,20723,195,49106,37,967,1803,3215,6989,209,36128,389,2068,133,1313,400,745,24172,951,334,115,1777,1557,4512,3222,2355,9562,488,1342,49,598,3518,277,6044,51,1295,3163,1961,3670,2580,1524,454,100,5081,671,44,326,10664,2075,613,3012,3386,2260,989,4020,570,423,5631,568,3726,130,1063,1865,407,153,31078,651,158,1620,30,3027,3596,5752,752,45192,568,1458,624,120558,202,205,1613,18066,542,2569,148,1845,526,96,1506,71,400,206,958,1481,432,182,12839,2998,1543,178,475,1267,320,846,3521,862,1078,1350,3297,911,2870,590,1802,4155,10513,5727,1138,9763,126,8591,5372,1993,20366,824,8331,1688,34721,3670,161,24349,1237,2259,898,3200,556,651,12548,611,3821,20371,607,90,1117,4522,487,525,316,1393,100,5285,947,1174,438,318,990,14716,523,1647,1755,36545,1924,1128,420,225,825,260,2837,3510,929,484,2219,3430,968,16322,1384,1094,5659,1622,7414,2627,771,5987,38439,3669,3658,1452,5595,1488,1576,2898,2929,4755,6432,36134,12929,2435,1469,12132,1179,3729,4078,2824,619,2850,6193,1806,2817,2678,138182,258,619,15905,811,1579,5002,2943,472,12311,68,241,4129,1848,1601,4252,832,21310,5434,2896,784,1979,16719,27092,829,113433,43264,4252,65293,486,204997,1526,2054,787,4274,5438,647,2672,5177
131965,MeOH:CHCl3:H2O (5:2:2) - lyophilized,16634,31411,45023,73608,83533,106519,103259,298992,223683,258702,241184,200197,137778,926,10079,943,17837,2028,4607,4388,119756,177,658,56909,5537,9977,4005,5418,13,241064,12892,487,16769,1856,731,9394,8829,10273,1061,1477,1099,51585,3346,79528,29,732,6589,2212,13852,5379,6722,59735,195,3707,1149,1852,4526,1620,6074,282,82072,686,413,184,305,50557,23794,39166,590643,482,410,553,311,319869,74,4429,160,111469,5643,41728,18113,4755,1233,173,6629,12650,4665,1305,2229,1717,879,1744,455,2935,9552,8175,4462,690,58,236,473,461,1077,13364,12219,10590,1285,74859,754,22388,265928,795,75560,7924,3845,1009226,101712,599,472,958036,988,12200,2016,852,14304,201,235966,3111,1017,734460,157,420,75394,247,496,1487,1552,8715,5218,297,1798,33980,124,3614,9139,616,17965,11377,951,4809,1463,802,1092,1030,1059,286,30491,2364,71355,1072,959,3174,11378,2962,106578,39979,6200,721440,2854,1432,16595,746,85030,1346,95300,168459,304058,33216,143,145,133,60,4912,15573,55,18023,92703,7921,6460,7662,3159,62,74,58,578,4544,428,17751,97873,8618,31,308,247,13657,29,1611,745,930,89,735,113,1470,10918,889,8206,41398,20,396,35,1897,17960,18316,91,170,5139,29459,755,2683,4602,98,823,1529,2460,2045,1068,502,8727,126,601,5623,130,1504,210,193,2048,2363,148024,14952,583,2047,1221,112,37,341,25727,197,31957,52,645,2096,3765,5770,285,16965,908,1959,175,1122,932,939,15282,911,270,80,1676,1316,3562,3219,2065,10281,354,1319,37,654,2883,405,5962,41,1353,2952,1013,3517,2879,1382,915,73,6850,482,266,325,6111,2492,868,4223,2778,7315,1107,3779,7109,349,5859,2236,3531,183,784,1734,274,157,27928,411,90,1240,56,3305,3860,5861,669,38285,1273,1162,380,130281,161,3105,1328,19097,326,1039,549,1976,465,98,1353,45,348,110,944,917,271,215,9141,3212,1406,307,419,1237,205,579,2669,887,829,1251,3241,679,2524,239,1365,3894,11622,5830,1203,9156,545,12367,5418,3398,22236,33653,4199,1786,27803,4710,230,10379,1632,901,888,2067,490,515,11112,1325,6007,22154,406,173,1043,4522,522,343,322,1013,93,5607,996,1091,799,520,877,14911,540,816,1313,34916,2348,977,420,254,414,5830,2350,3303,878,742,5518,2772,3394,14341,1390,1977,5533,2057,7164,2994,754,5431,33700,2512,3031,1632,5533,1514,1527,3457,3212,1472,5963,34564,12798,2350,1507,11100,1269,2121,2023,2281,491,908,6474,1611,5221,2464,128701,313,491,15618,663,1718,4657,952,483,3277,145,341,4010,1276,1482,4036,951,31164,3062,2619,859,1323,17526,26944,740,115624,46075,4036,71355,480,208385,1559,1778,2238,4514,3768,668,4112,3721
131966,MeOH:CHCl3:H2O (5:2:2) - lyophilized,17517,33016,46832,74614,78746,99213,98895,240984,214526,259671,247678,205148,140694,573,7082,439,23704,2491,5621,3990,61579,392,352,48985,13310,8675,3007,4266,103,361831,14116,606,23817,1542,1176,6407,11543,19089,683,1773,1688,19885,11280,68634,1444,882,19264,2410,80475,8932,10613,38112,1025,5573,476,577,3598,1065,7810,200,130052,543,559,3562,261,48383,7034,31653,598987,384,567,557,324,167717,69,13138,124,48382,5900,65385,10518,2865,1389,242,5735,8371,6878,2246,2722,2004,510,2446,241,1889,10672,8627,4825,1367,78,223,561,499,1413,5776,10039,16022,2143,143305,733,26906,85607,776,94326,11410,2529,456903,331923,663,440,549366,1168,15518,2106,1026,2422,258,174586,3463,770,932954,256,9223,60921,242,566,1536,2827,11183,16308,282,1635,47591,199,2079,10443,612,39902,15745,630,4903,399,29,961,856,1201,603,22216,2849,39196,2139,910,3154,14152,1031,83115,28430,5786,763890,1010,2344,23548,502,96352,1548,88576,150269,211940,27481,129,99,87,37,7583,20390,69,29395,78817,4358,7417,7215,4043,100,61,73,303,5357,588,43789,98734,5272,39,244,127,11326,82,2188,1116,655,132,936,126,868,1647,1863,5258,20088,28,226,43,1617,19068,18678,63,240,3377,31943,363,2340,18,214,748,2971,1621,1395,731,804,6471,341,392,4109,86,1233,2286,315,2206,2230,134492,37592,722,2252,1016,120,47,331,32809,1388,28376,58,155,1935,1162,9301,661,42731,599,2301,187,1420,493,358,14244,808,104,161,4528,1370,3313,4974,2986,9968,803,1228,101,1033,2365,201,7000,55,736,2587,1343,2796,2201,1880,549,73,5260,735,255,397,9493,2506,461,5101,3045,8487,744,2660,776,637,6903,2189,3954,189,933,1848,739,188,38274,674,173,689,112,4074,3133,6921,604,31017,1995,1160,397,150173,184,3077,2071,20040,157,2555,797,2534,465,128,715,16,521,62,1407,1617,246,244,14241,3540,1244,389,941,1324,157,760,2944,1404,961,1109,3631,600,3308,88,1500,3222,6131,4043,671,11126,540,32405,7306,3170,35456,41758,12993,1388,46043,4262,302,25359,3644,1207,1243,1581,662,674,11978,625,3012,35456,540,66,1111,4515,510,717,554,1191,167,4093,1241,1319,277,1086,810,14988,706,754,1498,41361,2751,1271,439,157,645,4043,2301,3396,1229,557,850,3161,1220,9331,882,1230,4645,1744,5632,2825,758,9037,42003,3639,3661,1252,6008,1426,1500,1127,3528,4975,5329,41548,13771,2107,1557,14844,1268,586,4923,3725,975,814,1696,1868,1801,2217,162274,2472,975,17922,4155,1335,3820,1371,475,15741,82,309,3317,1187,1831,1661,1004,25713,1277,3307,1229,1745,12685,249787,505,74865,71038,1661,39196,432,123687,834,2105,634,5220,7392,989,73428,3153
131967,MeOH:CHCl3:H2O (5:2:2) - lyophilized,16149,31113,46569,71621,81421,96257,93695,219508,197495,227064,214559,180902,129811,836,5463,531,44583,2614,12969,6512,51136,500,365,55037,16386,6952,3103,3262,228,795102,10514,725,19696,1626,1430,7097,10530,42600,793,598,466,15965,8142,41823,1399,882,19899,2154,176867,10352,9423,35492,995,8832,371,668,1797,1243,7798,198,161959,556,607,71,225,49532,6251,27724,632657,374,834,412,509,178112,37,21032,161,37751,7277,43421,12983,7009,1630,151,6985,8073,16546,1986,2894,218,1100,2701,191,1415,24011,6620,5546,1115,106,216,500,544,1554,7016,8936,12000,5029,153311,528,28733,92026,828,112492,12934,2163,367654,208919,620,394,460211,1250,15972,1527,908,2948,342,157753,4072,701,726121,252,420,64067,157,613,1318,2611,12673,16912,412,1572,47157,200,2071,9595,529,45638,12412,1027,4993,447,1249,1533,650,1055,642,24976,3090,41254,2051,767,3285,18768,903,106363,24103,8523,835453,717,2200,24256,984,85951,1309,110936,194044,279663,32502,224,121,270,38,8350,23558,511,27497,91082,5329,8435,7799,4800,76,220,124,555,5237,611,29769,112669,10507,40,207,244,15448,40,2499,744,827,104,673,182,1659,1470,1964,7421,28324,267,432,50,1822,24407,28729,110,258,3927,39646,287,2837,41,241,772,2165,1918,1589,734,22,7153,246,527,3515,105,1202,4435,389,2779,2443,151904,36057,853,2971,1610,113,55,299,40966,2155,33659,34,174,2883,1235,7675,1035,42784,110,2988,190,1479,747,321,16270,583,205,125,4775,1305,3842,4765,2902,10812,1194,1521,33,1302,2464,408,7388,30,576,2862,1416,2930,1720,2220,848,47,5591,799,188,355,9318,3164,464,5089,3379,12125,477,2109,915,529,7577,1498,4375,175,833,2577,651,202,47381,799,324,594,125,4894,3588,7707,797,32713,2301,1137,495,167149,189,318,1477,25261,99,2350,871,3085,777,93,741,95,578,146,1519,1515,43,220,14671,3791,1397,361,727,1211,187,664,3582,1740,821,1286,4819,651,3717,278,1588,3026,9613,5754,983,2602,694,37090,8124,2971,38904,44547,12162,1845,51852,4014,214,32357,6300,1112,1014,4098,479,799,14804,433,1789,39020,439,152,1312,5111,513,560,598,980,151,4527,1045,1348,189,1351,810,20046,964,777,1766,43307,2540,1162,455,235,545,5754,2867,4098,1256,508,1777,3437,1281,11332,743,1262,6830,1532,6610,2883,688,10387,44775,3673,4483,1763,7201,1295,1505,1108,3800,5177,5040,42859,15097,3095,1660,17444,1409,989,4709,3425,1227,779,1766,1440,4135,2481,204294,4935,1227,21993,4840,1892,3314,3562,549,3063,58,174,3039,1400,1845,2060,820,24574,2440,3597,1293,2473,26830,305169,575,106715,74988,2060,41254,517,180559,737,2660,44069,6647,4726,1205,2918,5412
131968,MeOH:CHCl3:H2O (5:2:2) - lyophilized,14857,29594,45208,73368,80974,99448,101821,229376,197378,216999,196713,164415,124056,1140,8794,735,33682,1497,11053,7486,167679,550,653,71558,9785,8223,3443,6239,3985,193560,9944,531,23946,2364,1225,11461,9544,12511,1164,2363,1659,37955,5536,135359,1351,1192,12495,1880,54209,7913,7041,82240,342,7618,946,1440,2551,1605,8673,320,178025,1311,851,404,942,59576,12035,36721,642801,420,649,1171,299,468399,108,5355,248,117536,7596,23720,19399,6395,1952,279,6329,22206,12866,1217,6782,2117,2131,2113,776,2460,19275,7539,5230,821,99,342,375,334,3115,11773,9769,9983,2677,127060,1218,31530,137525,864,136727,12344,5028,768027,48956,644,599,642640,1471,19806,1834,955,7478,411,206190,5198,850,679738,180,404,99859,181,621,1367,2137,14575,5579,292,1235,50391,263,6079,19184,931,35121,10026,1022,7945,828,195,2829,819,1203,420,30665,4227,103113,1211,803,6440,17715,2849,146658,37781,7389,935328,1192,3294,27583,1631,93396,1006,104781,402205,565832,76596,218,89,243,51,9946,28444,390,33935,182150,19263,7987,10950,5085,168,232,156,334,5089,617,8857,108510,22047,36,182,235,16720,54,1999,620,662,56,524,173,1589,3210,2592,10399,67349,60,732,24,4537,30000,27724,55,98,4671,50761,451,3730,49,180,749,2416,3272,2280,816,844,7023,92,937,5733,296,1821,932,449,2590,2505,188186,20350,994,1920,3023,94,57,188,44783,723,70714,85,731,3121,1925,5267,1200,54749,1203,2650,207,1463,690,537,13476,944,91,120,10874,1358,6047,4296,2829,11616,868,1505,63,594,3862,500,8054,15,1156,4094,1895,4269,2804,2501,788,67,4100,785,255,410,11203,2301,1423,3314,3264,11557,985,4232,886,431,8583,60,2705,214,1693,2909,487,84,57719,2937,162,889,150,7650,5587,8649,763,50948,1051,1405,419,168681,150,351,732,31220,612,2134,311,3580,704,130,1165,1392,568,165,1473,1339,271,180,16451,1527,1773,460,399,1308,458,212,4132,1575,889,1533,5740,391,3217,352,1924,3014,12777,8507,1867,15559,814,14134,7025,2271,40164,45165,14128,2433,45716,4923,3383,40776,5065,3123,811,2542,1504,2445,45584,811,3631,40421,583,160,1612,6598,502,538,548,1013,256,4057,896,1403,556,986,1145,25138,718,805,2092,38919,3754,1175,437,341,576,8507,4634,5291,1516,196,5314,3869,343,20110,1409,1178,9862,1445,9049,3158,705,7930,45535,3744,4424,946,8495,1244,1219,2284,1643,6371,4539,38548,18353,4882,1797,17201,1581,1880,4146,4055,827,832,2624,1503,4789,4446,205784,1775,852,25260,5783,2387,2999,1063,423,18852,63,168,2994,2789,1794,4238,901,29346,7220,3246,1486,2133,55371,342911,667,171123,174242,4238,103113,489,341916,1329,3114,1313,6450,5149,1482,12076,4491
